Protein_ID,Sequence,Length,Type,Timestamp
Generated_Protein_1,MIDSLIRGILEAEGRVVDDVLRADFVLDRLTLSEERIVAKGAVDAGVEIVARAGRPEKAAVILGVASGMPSLALRPEMRSFMSSLSLADEFLHVKAAWDWRHPAAAAAGFALGMGTAALTYLTGIARQAFISRPDDMGVWLKRHGMFEVVYRAVDAGVALPNLTLEWQ,168,,
Generated_Protein_2,MNLTKVLVGSLIAGSAGKSVISVSVIGTTPKGQILKITGTILKKIALQTGIDLGKLVVEVEVGIPNVLKIVTIGDTPKIDVGFRDYSLSKTIVEPEIIKTAKYGGGLEIAGILSAIMAAPNAPGGLTAIYSV,132,,
Generated_Protein_3,MADNIRSIPTVPVWMIDSFDGQLGPSYNLGRGQSASIDIFFLYDDDRSRKDRILDLDATLLGQIIFESNLAANDANLDASVLPQFSPSEAFSLFSVGGGGVTAIYLDMGQLGFGQPLGILLDKRLGSALATALGAVLALSLDGTVAMRALARREQPDIMIRTQPR,165,,
Generated_Protein_4,MSTFKVKDRIAPEPGIRKPHVEKIRFKVTLDQDDDELRAVRAVMVEPAADGVFAAGTGFAVNQLAFGIELRDNGLTLETHFHRDGVEPGFEIGQGTIRGSVIVAVTPAAVKTMQVNKALKAVGQCAHVAPLWAPGQGENLWCAFQDAREEHSMKAPVAGHYKPL,164,,
Generated_Protein_5,MALASAVRDIVTPVTSALNGHAIAAARLRRVKLKGEIVGQVLTGAYGSGLEAAVGKSTGVIGAELITPPVAAGVTASLEAEHGKLAEFAAGVMIGAGDISRVIVAANFDLTKAAEGALARHLAEGAGIFNRARVIEPPVAATAPPAEQLVLLRELSKVYVAKVLELLPDVFNMREVLTAGLHYSEVIPGISAHYAGT,197,,
Generated_Protein_6,MLEFKLILGFTFGALLLSTSFTLNSVVAKNTLDLEKKNYEADLSGLVIISSRLKKIIDLLDKSNYTVTIDKKIDLVNGIIFTIETGNLKENSNLKNFILKALEKLLYRDVPKYELLIYKLSYYNYQNKEFITELNLSKLRNAYWKATVTRATG,153,,
Generated_Protein_7,MNINSKIATHILAVVLVNLLLPADLASNPDLAENVQSVIHGTLGATRICAQIAKGVLNAKPATLAGNGLAATRIAGSIALGVLDNANPVVGATGTLKVIDAVGALAVPGVTIIYDVSIAVHHNAV,125,,
Generated_Protein_8,MSGTLQTIKNFTRSATFDQGEWIRGSVFDPEKRVSTLSRGSTILSLSGEDKGTTIVFRSLKGFDAAGENEVFDQKSLTIYHFDNKAIFRGTANQNKVLIVVDGGLTNAQTILFDAPSKKGILIRSPSPLSTIEELLRSQIYEEFSDAKLKPDEYQNVEAFEAKPNLSYSIHVMHADGGGALGKVINILIEKPGMITGEISSAKGANVDITVRA,213,,
Generated_Protein_9,MAIDQKLVIGTGTGKGIGLVIEATARMAERAIAEAAARLGKVEGFEAIVFELETAAGRGAAGFDAAAGVLLATGFDVGGTTDFAFQQIIADPPGAAVRLDIIGAGKVATLDAGTVIGFTTGTGKQAATAVVANQNAVTIVAIDIDNPGTVTLFRRERIKLIAEARQAEQIAIAVHDVK,178,,
Generated_Protein_10,MAEIRRDVAAKTSQLTLKESITAQAIMRKTKLTEAQNPFHITAQLSANLESGAKLNPAEVIAGNHSFIAAVNPMRTGHAAEFHQLLPDSILRDLTGIMSGLPGGAPSVSALKIMRFRHVKEDEALGIVNEMLDAKIVSVKARHDAFDAKTLTPDQAPILADEMNVEYVIAEIRGGRHQWDADETMTIV,188,,
Generated_Protein_11,MAEALKNVSRIALLKQLEHFNDINDSTTSASEEQSYHLSLSCSSTEEQLELINEKVAQQINEACAAHHLSERYFLSRFEENVKNATLITSGAENIILENNLITSQENLVAYFLNSLSLNSAEQKVSKRAMTMKIM,135,,
Generated_Protein_12,MNLRKTITHDRLVLPKTAEKTLMYGDRKSGELAGIVLTAGYTGCLAEATGAKRNVFVYNDVRNKVAGEGCLLLAGYVNKLLTPDEARVLIGCPGYTRVKVVKGQADGIVPDEYLFTKYRGWLDATLLAVVMATGIVEGEVCESRMGVADNARAGETDLIMSNAFTDLL,168,,
Generated_Protein_13,MKLIGDRVDERSSLFDEVREDSLERSSVVVEVERLDRDSSVSVEEDMVSDLTAVRLSEDAELRLVRLSIDALVDLYRSSGELVMRLDMRISRMEMRLSIVTIPPGSTADFETETAQVGQGVGVTAGFQGS,130,,
Generated_Protein_14,MISTIKSSIIYPGSFDPYTLTKSKGSGHVDLWTLKVLKQNLSRQAELSAIQQLAKAHSEQVAYFDSGVAEEVEKNIEEAYKIGVPLMLVHPHLRGNLLIIGDTSGNLMSLVTFVGFIMGPYDLAAIYSMKGFIYQKPRSLTLCYIGGASFSVLLVHHHFAGPNRCYSLPTIVRIMEQTLKNELRGQLQFE,190,,
Generated_Protein_15,MASGSLGKEIGLRDIRIFTPPAPHITMEDGAALGVQTRDVYGAATSLIEIVELTSLLNTRQELPQFYIDFTISPDAGWLRYGRDFLGLIMPDMYFTPGWLAALFAGLAAMASVLAAIGAGLAIFVHHRREGLPHIMICWYQPVVITDVPATVELRDQ,157,,
Generated_Protein_16,MTLFAFAFTLVVSSFLFSPVELAGLLALGEHRVTLDLALDGNGENVVEALERTPDVEEKTEVVEARINKLLKHVDGLVRNLKHETVLKIMEQNFFMLPAPYLENMRQRLQEWAYLRYFIENDKDALHPLSGRLVIMSGTGITCDHLTPFVAEAVWGLCFPS,161,,
Generated_Protein_17,MITKTLIDLKSFIAPKGSLLIDVGDDLATGTLTLSVIAFALGIITKGLSGIVDIFTFGFIFISNTFNSVLARKDANMSKDRDIMSIFLFIERGARGLFTFPAAPTGIISFTRGFATVGFYTLYGLLLLISIIVFFFHKHYAIPDLNRHKKGLFLPFSSYGILAMFSMLTFSGFVVLYVGYAIAIGVGAALLAILLKWLF,199,,
Generated_Protein_18,MPELRIHNLLVLAPAVRAVRERAESVESALPDILLETVVEAPDVMSVLAPAAESPDEEAEGAEAGIIVEGVHVWLEDIPVRWLLPMKWRSAVIADALEDGRFQGRSEEDGVVIPEIYKLAENTRIEQRYLHEAGKIEHLKPLRAVVSHPEDVALKRGYAETSAGAG,166,,
Generated_Protein_19,MKTDSWLDSVRDVAEVPSLGQASPVTPSAGSVWNRDEFDDISKSVVLLPSNKWLLGPDFNLSSSRDTSPLLLTLGQGPVCSHWDDLDVLHQITLGNLSTQFALATTLKALPGKARMLRLGQPLKLALLAVLSHPTAVFTGLLALLAHPSLASLIHPFARAMHRQTIGEHALLGPGLYDNTVELKWQFIRAMVE,193,,
Generated_Protein_20,MKTIKKSLGLVLFLALLTVFGVFASGMSDSLATSDASQQSIDQLQNVQLVQHIVQNGATVSSVDALIATLSVKKKSSTVMSLQSQAAIASVTLAVDGAVTGFHHFNHGMLSSLSADNNIVVSLNMTRNAAKKIALAKRSGITGL,144,,
Generated_Protein_21,MASSTYDFKVYFDAVGVTDVPDPYDELSEVFEYRDLIEELVLDNEDLLELLVARYLPSDELRLELLDLDPELLEEKLKVEKLVKYPEINFTTNDFTVRDSDSLEEGVLEEVGSGSGRVGLPVARIPVLDGSGVATAAPADGVSSKGSDYIDGYTYTYGVEFTFAGIGNAPDGYSPTTDPCKFVFVPDEGEGSAAITRRTFNPPGSVTAVS,210,,
Generated_Protein_22,MKKSFIGAVFTGGTGKMDWQNDIDIAVYPDRQVFEITEQRHGVRLEGFDRRLAPGEVFTGTLLAGSANVFNESVANIIVPYNVVEKGLVFRKEVVVTTDEGLSLLLANPVEEKARIERLREKEAVFGV,128,,
Generated_Protein_23,MKLARILADVKERKKLEKTPYIIKDFEVITTMEAEAELKIEKVVVIRDRIFGASEAEATIAEGLAGIVATPLFGDTVNPAPEEAEALATKTIVTVAPEMEGKRVVIATVSGGAVGRRRFGGLPRI,125,,
Generated_Protein_24,MAGSVIIAAALAIGATPGALAGYAALGDGEVKLADDAEAKLKLLDADLELEIEREVILEKNLQNAGDVAGRLSKDCIIDLKNAAILEKTPTVTPYTVKVLGYCYGEINPTYYKIVTTKGVHYKPNKVLLSLGSIIINHTKADECAGGIVGGRAGRALKEIKVVVDSADMQALDCGINAAVRLRRLRDKEESLNRGMLKQIHDRY,204,,
Generated_Protein_25,MSSASEAAGVPVTPAALGASSPRLTPPASGPSVAPVPSPAGAASVSLTLSLGASFSGVAFGLALVILFVTAGLVVTVLSLLGAIAAVLGIATFVAVLTTLYTFWDAKKDVGGLVLLLLVAAFLSDLAATFAAALVMGTLVVALGGIYWY,149,,
Generated_Protein_26,MKTFFTLTCLAFGCLFFTGWFTSFSFGWITGEVSGVPALNAVPPPLWIFEWIRNMDGLLLDCLLTSPGVFFEHFPYCLLGQLVFISPLFTSLLVSRNLVPFLIEDFLADRYLTKPTGGKDLDWLRSADLKVVNGLADLKVELATLGIFEVLGVAAATSRNMFGVLLLLFIQPYSELLLHVLSRQPTLNELSLFFVAPTLNIRLFCLGIFGNADHPWAY,218,,
Generated_Protein_27,MTAGNIIVFGLVFDGIDPKSLDIVIKNTLIDEISRHAKLTDVAIANPDVFSVDLKLKLLDVDKIFSGLNDYVIANTKELIDAETKKVMTLDLKAIIDYKKLEAKTITKNGFGLDVIGDVTRGDVPIAAITASLKLKAHSMRDLRGAIEVPSGHIVVV,157,,
Generated_Protein_28,MTTRARPLRRVLFVLLTPLVAGLSGLAFVSIFRTPAPELEPLQDGDGAGVVERLDADGVVEFDTVLLYDGEALDAVFYVRDSGLRDMLSTRLLEDGFDARVLTPEEAEVFELQETYEDEARFSYEALQLQ,130,,
Generated_Protein_29,MARTGGRVRAGTVGVSRVTPLALASVVSTGATRPLRAPALGVEVGKPVGLRAEEGGEAGILADVAYREEAKGGGVDLDVILDEGIVLEKLLNEVEDVKYLLEGDDLVKEIVKGYTYIYSGTAAIAAGARAIPVTLVVLPRPRDDQAIEY,149,,
Generated_Protein_30,MATPKKVLTVLLVAVLFAFLAFLAAPSSLDPPSDTEKTTPVNEVNVVDKTKPEKEKELGEKLGSEDLEEKRIQYEMLVKKGKKVKKMEKGSSLLEVEVNPQYVEKKPEFQHGFHDWKGDGSVRFVYNKREYH,132,,
Generated_Protein_31,MAEENKLVLIGGSRVTGEGVKSIGAVVGEGVLEAGEAAALKEKSVAAVDARLEGVIVLDKPERLALLGIERGKDVVALSDRKGIVLKGAGTDLFDFSKDFDVIENGAAIPYTTKKEKEAFFKRRAVIEAIKALEVGLALAAEGGGLLEPTSKVNIKFSSVINYREKEL,168,,
Generated_Protein_32,MSLNIHLKIIATRDGAKIITFVSHKDSRKEMLEAKIEAAGRIETAIGRGGKIGIATFGTRGIYLENQHATRDLEAHRNLFGGAIIPWKLGAGTYLSDKIADDRPKILFRPKLWHLAKDLQLEGGYIAYLKSNDSYLERHMIAKLAISHYISANKR,155,,
Generated_Protein_33,MAKKTVENDQTKYITENFVPTKDGSEGTWVTNEGSSTDDGETLSNDLVFRLSVFQVDKDALTEGLTQAEKADLSVDEGNVFRSLNLPTDLVGAAGKVMIPYNSDFRSADQELDKYLNELNEKFKDADAAYITNEMSVRAKGDVELVFDVDKGNKATYVVEQQELEGDGQDFEFVPTVK,178,,
Generated_Protein_34,MLSLLARVALTSGVAAISGAQSTAESLSRSVSAVEQVVVSLQSTDVVSADLADVALVKAASQGADYVSARRAIYEVLASLQVSLVGYRRPYDAADLTRAKRVSGLVTVILTTNKSVLLSSVLAENTITDKREAVADLIVAQDAAIPEEQAEKASVLSFYQRRAIVFSQLPELLLLRADEQGDLYREQWYLVPTVLQVKKNV,201,,
Generated_Protein_35,MSIKLFTHLNDPIEDSFKYVVEVLPITGYDEVSLIIIELISSLPTTKPSLILNNLRILGAVLILYLNDSIKAKLTNESTTTMNQWYLICRPLNGEGFIDYLSEVRPGQTFIIEIILGDCNSPIPSELEVVREDLAINRYMHVEGWAVCSDAGSIPSLKEVVLSNFR,166,,
Generated_Protein_36,MSNINLRRAKALLDLEVARQLKVDADLMPRKMRVAELFDEAVARKTITPVDDVVVMDLMGLHAPLRYLAQKFSILEKEEETVDGLLPRDIALATKEKVVLTKETALDKKEKVVSALREQIVARLPEVDDAVRLQLRFSAK,140,,
Generated_Protein_37,MDDKQILTLLLRKSIELEENPAEVSINAAITSITSLDELPARLVDELFALEAWMKAVAEGLRYGIQARPVDGVLPQIGFNGNPVKFVLDDSLGTAFVLEDLEALLGAGSDKLALKPKAVMIPTLEKIEDKGFPFVMELKADGVDKGKGIDEGKAETRVIKEGFEDSE,167,,
Generated_Protein_38,MTQSILTFDFTAHFFSPSFFANPILLAAAIVIGMASFALLSITAASLDHFFDKSVSVDGDLDSLVFATTRKRKLLESLDAAVTEQRIANAGFDEIEQAFGVETAFGKALADAIITARNMPSMVTRASEVRVMGLMEYEKNRHATISAAIPELQLSQGIRHVKVNV,165,,
Generated_Protein_39,MSASELVQTPYLALIAPDDALADALDAVARRLSLVPLSLLRQDDDDAAAVFPDVLIHIVFLLVAALLAAVAGNARVEQLDEQNVADCYLDDCLRYYFFDSSLVIAVGGKLVPDFIAVLLNSKADVEENNRRIPLRARRLLLIISTN,146,,
Generated_Protein_40,MTTAALQFSLQLELKTPIAIQLLADTLTKAKAYSIQEGIAMTYKDSQAYSQDFSVTSVPVLLLKYKTFEYALGREALCEGIEKLAMLGLATDVLGVASVDLGLASVMIRRAQITDSGLIGGFIIPEGKLIAAGVTKFKLELEGIPAEFTSALKKLYWTHQQGLSYSQFPDYSHNIVPEFSVAGLLAIFDYSHLALVKLNNNRQKG,205,,
Generated_Protein_41,MTLKPRRKKAFLIISLVGAAMTGLALFASLATTALQSQSADTLNARQGNTPPQPTQPRLQVGTQATVPVQGQAVPPEGQRGSQPPNRLPPGSLQVLNYSVPRLRVGTVSVVLPDGTLRNYVVPKKNEEKLVDKKAFPVELQKEDVEKLLELLPG,154,,
Generated_Protein_42,MKSHPLHDRVFKLIALAETATLGLMKDVEMGWTGLCRWTPTLLKNQVEIVEGVTPLDAGIDGADVPLNFTHPVLLDSVKFTHKAEGDGWFMLLRVGVLLMPFLHISAEYVHIAGVLKVGGDVVTNDVLFIIRKALTPFSAHICQTKSLLLTFVSDAEEENDVLIKITIAPATINEQNLKIGALRQCVSY,189,,
Generated_Protein_43,MSNSKVILVFILTLLAVLLGVALGYLPPAPAAAAPASSPPAAPPPVTAEEAATRDTTSGNGADAPCSSCGGPRPGENDEGGEEEAAVKEEEDDIRRCDCCNDVINGDDDVEAIEKRRRNLIQQERTTLKLINLRRNKLNAALRKIQKTQVIIKQQVEEQVTTLTNAAAIIASYNVVYKDVYLNPKITFCWKDETVDLKIYVKKQWTT,207,,
Generated_Protein_44,MAAGEERKVIYKAQKITQMFAKKITEEEKMEIELGAQGRDARRVVAKVITTQAQGEMRDAAGGSLARLAKGSFRRIEVVIVTDDELADRGEGIARNPMKEIVGQGVARVFRHADYYFEAIADSKAVAAKPVIIVMPNEESVLETVLLPEGQRVVGAVNAKDGLLSGAAAYIHYDENTLPPGASAPVLWQQDMIHYAERKAEM,202,,
Generated_Protein_45,MASETTLTTPATVKSRSGRALRARRSSGRTRVGAGRLLSVALAVLLSLRTGAAREKKVEASVLLKAGLTSDSVAEVSSVVRVEKASADLGSGSLLSITLRELSAERAREVEKAIGFLEARARLLAAAGV,129,,
Generated_Protein_46,MSTLQVDRALELARSLRDRSRSLSVPSPDRPLLTRKPPETRSRLEDARLESESVSASSGKKRLKERKKVSEAARALEVLEQAEIKSLSSAKAVLLDNQAVERALDSIEALLLLEKENLNLQAEQRRDVQRLVEVQGDLNKLSVLSDLSEQQLNFQADNKKIDEVLQKKLLEGFQKKLKGITILARDSGDVGEFPDIL,197,,
Generated_Protein_47,MIRTILFILVTFGTSPIGGTTPFLIATGRPFELALEKLEHARQALIGILTPREIELELGETLRAGLAEIRVLQQHRLIADVGLPETAFIISAVVFVKPNTVIPSQGVKGVILTLGILFGPGTFLFQREAINMKLYDIVNAVGKVAKGLDPELFDSAVVFAGMIAGHHSVIDSGAVLNRAHYDLMKRNYGQHAEMPYAPDRE,201,,
Generated_Protein_48,MSLNLKVLVGTVLAVLIGLTALVASAINNALDNTKSKILKVTTIDFGKSNVSKSIDFISGEVLNLSSGILDSSSSNFFVLLKKAIKKTLSGTVVLGMVVAKGFVNTITIGMFNNDTMLSVLDFFKRDGFWIYSGYSGKPAI,141,,
Generated_Protein_49,MESAAGALKVVIATGTVAIGVLFLVSGIGIASLGTAALSVTGFSPLSLTSLTSAVSATLGTPAQGAAGFGFLALAIVGAIFAIIFGFLLIVYKADALATIIGTLLIAKRPVIIVVLIAIVAGGALVILVTAVLLGGKDTDFRTDNEAQGIAAENGRFAERPLAKRKEIPVLFKKPERTKKDPLGTFDE,188,,
Generated_Protein_50,MENNLTLTLNIKGLVTSFELLIKPDLFIKTNGSITVIDLPLFSFEIVGHLVKLGGCLALLFFIFTNTLAILVARKLPLGHLPGIFFVSLSGLVFFAITSLALAKRDLGGVPTATTCIVGHCFALTLLTVYVGKNRGKRNLGIFLTGLTAFAKNPIEVGFIGVTVIAFYKHQTEPVEAKLLGLSGLIIIILLGAVFLFAHHLDLIPVLGVWLFM,213,,
Generated_Protein_51,MNLKLNTRFIVAGNGTLAIAVVLSLFAILFSSSLGQNPVINAAEPDVDQALVVLIFFPPDYKRRLVVIGTALEAADFNPAGQVAGIPLAGQAVEAGAIAVGMVNAAIMNMKRFRDIIEAIDPARAGAIMVPAGLSAFTAAAVVNVAVVGGI,151,,
Generated_Protein_52,MSNILIILSDRPSSLGHTLRHLSQCLNREILSIVEVDGANLMLSITMENMKTIFWQNIRDASLGEIGNVGNPGEVIGNITDIIIDLQNRMCIVHARDAYFRKGMALQPNQGWILQSDVPAIEREIAILQGIMGLAVHTSV,140,,
Generated_Protein_53,MSSVSISVYSPILVKTTVFPFEGDGEVTALRADISRVLFTVKPEDEGTSLALAGESTIVALALTTTLSYKEVVLKDLVGPETNVAIDSTYVLNGAVPVKYKLPDLNLIEGDTVIKRVIFCGQLRYGLRAGCDATIEGLNLGYDTLVPAKWSRVELSICRQFGLSVDFVVKWLG,173,,
Generated_Protein_54,MRLSVLVTAGVLSAGLVAALLFLETSLEARRQGIGQIGEGTSTAVAPTGNISLEIRISRLQGTPGFFGTDADGLAPEVAGTFRSPQIRALRQGALEALAARVSSGNGAIEAVRVGVVVDVLFEIPVHHLANLRFSYTSDGPLALSRVQVVLGANRIEQNITLFDMEIS,168,,
Generated_Protein_55,MADVALDIARDVVDGLTRLAKHGKLGVERKPEDRAADHAAKRAELLRRDSFGHQRILWHHATGKGQAPLLKAFSTCDNGQRVAISALKAFDDEIAIPQSVERTLKLGMSRCALGDWIATVTFDRHKEALQMLNSCA,136,,
Generated_Protein_56,MKSSASPRARRAASRGSQSQPRPAGPSRASASPPSPSSPDVRPSREELEGAPSDSPSSDDEQPPSQAPPSSEVIDAEDISRAAALEYVEEIMLLGIDIVGLGGIDTMAALAVDYFADDDMELDLRLRALQLLDLHLDTIDYNRHLRLNDILHHHTGLLLLTLQQAFVLACLTVMAGKRFIQVLQYHNGGVLCMAWLLGCMF,201,,
Generated_Protein_57,MAKTLQLKLVLVTAAAALVIASTVSNSVVKIGKNTIGQLDTFTIVGNSGTLSIADLAADINSISAVNAITGAIARAVDAPEQKKALVIGQAGGKDKGFIIIVNHAKTVGFDVGDNEIVVVVGQAPYDEVAPVGYYSNRQNLLVITPEKVVAYDNREIKDKEAMLLDEVLAKAYQKKAGLDFEIYNRHAISGQNQKAVDDLYSKEYQHR,208,,
Generated_Protein_58,MELFNFKLILQLGVIGIVLTGQLSSQPQGKFVTINAMLMVEQWLIKRQATIAVGGQIAIDNPLLSSPYCFIENKLKIDFVWLLMKRQGTPLIALMTLSYLKVMVNAEKILGEGIPKQCAIAFSLLLIKQGNPVTDCALAHWAALIALYFGVVLFISILMNQ,161,,
Generated_Protein_59,MTILILNGPNLNLGHYFREPFGRDTIDAEKRIYRLAKETLFAKTDFQIIHQGAEVEKIFTGENIETQGDGAVTHFSNIIIRNPASFQALRDSGFRLSEELGIPFTGTHAKSFRQAILWKGKISGISGETIAAAMGCYLALGVHVNQQP,148,,
Generated_Protein_60,MKNLTLILGPNRRHSLAEPALLFSGEPSLEVSLAQRVTTPGHNADALLAQILAADTQAGLLINPGEQILVNTSIDTHSGAVIALIRITSNPGTAEKIGEQILTPMVAARFQQHHAKPGYGTLETGIRDHYEETDIRFREGKVICGGGDHFDFIDASVIELRANMAKRHKEMGAVKKQA,178,,
Generated_Protein_61,MSLEFVTPRPEALALVADLELRLTKTPGKTRMVTLVMHVDSGATIGESGMIGIGLAVVNPGKIGLRRLAVGEGVLTLRNHAGAETRGMVTAATIILNPGICYEASINGALASTVVLDHCRLSGQADALCAMFMHRAEGVLAKLAPGWGSADLDHTLFVNPY,161,,
Generated_Protein_62,MAADASLTPVLDLKLKESIREIDIIEDETPAFRPAGIVMFEAALPDFADLIQRPVAGLALDFTKDMLITNPAGEDLVIGEEAIVINGTGIRYDTLSLTHFTADAAQVINPEMYAGALGIIPPFAATMIESAEALGVAVRDALPAVHQVIINAEKYQEIIIPDCTGKEALLRTSALKGAVEMGYSRGNVYQAGCYDRRHGKPLVEILNHLIFAHTDTLR,218,,
Generated_Protein_63,MIKLSLGLSDPEAKLRKLTREKAIDGFTIVDSEGISKIDLDAELEGYGALKVEAGLDELNGIVIATNKLISPVNPEGKVKVFIDISGNDVISHFAKYYSHKRIVAINPEYEARAYLHYSDEVVAIPQEFRILGNGGFSTIAGRIDEIMRATQSFALEEAFGNLEK,165,,
Generated_Protein_64,MNNFLIITNVLVTRIVVLLIIIFGLTITFVFGHLNGINAITGIGIGKKTIGIGYNTLSKGAASIGSLEGINAKINIDGQAILLLISTRDRRDILAKNQENLAQIEQRERQKADVAKQQKARILKRGA,127,,
Generated_Protein_65,MADLVLVIGPMVVSSGERLGVSYDVALAKDRSLVDVVLIVGTGERDPSLLTPSLSVFLAASELQADKDIDSLKDFILKNSIATLLVPPGMEKKLAMEEVIGLYDTASLAAIPPGLSVMHVYFDYEEKLNHIDVRITSRMMGVSTAAICG,149,,
Generated_Protein_66,MKTLTVFIAFLALTSLCLLLSASDEALEENLTLLRGNDETDIINLKLVREKTKIDIIEDVKTLKRLKLKDEDYVDELGELRLEEEEWRVRDWKIKRRRRKLVNMAGKETRYHDYKWRFYRFDEI,124,,
Generated_Protein_67,MNIRESSVTVTTYEDWISSNSTGSGPRESVPTPEPRVPVDQVPGASYVSAGVREIRNESASYNVPRDQTPQVSPREAEIVLKISNVWPLSGREIDGVTTSSYVGELVPESNQSGQVSNVSGPCSCDETVLLVDLSENGVIDRLLIDNLNLNNIKNGTRSC,160,,
Generated_Protein_68,MSAAAPSLGKTLPPPKGKRKPPKSLSPGSTSLSTRERQRLFLAPLLSPRQRQGKGRIRRFIPGEGKAEFQEKAKKLKEKALETGLLLLDVFENHTDVIALMIETAMKETLDDVLNVEVFDGVADLGYVKTVEFHLKHNQLHHWAAGETVDIMTRDAQIYNWENMR,165,,
Generated_Protein_69,MDLQLESLASFAFATVLVFASVFLLTLFFTVASIFTTIFPAVLTLSASPSDNFNDPDDEDEENRDTEEEVSELRQTEVDMRREEIQRVERRRVQAVRLKTQAAAQLEQVEENVIKQVQQADIMNRRIRNVGQRNVPMMTVSLPSPALGVLGPWW,154,,
Generated_Protein_70,MATNVKTRKSIYVVAFNQLVEADRTLVKIVVDSGLPEVDDAPVWVSLSLNDVFGADSVKFGLVCPNIYTVRDLCEISADFAVYFNSPALDVCLTVQARTGDSLDGLVEAVCNYVRCYVNGAVRTFG,126,,
Generated_Protein_71,MKSELVESFLELVVLALFAVLTVAISLGLGGVVVTSLQVPEGERDELDESSRSVVEAEVEGFSEKEGKRELRLRSEAEDLSSVSADSKLEAKEAEVFKVFLQLLLEDVKEAKEAALQVGGIKLGFIPGAGTGLMTTFVLSIYILGVT,147,,
Generated_Protein_72,MENIRFVKSHGVITPFKEGVDFIDPLVTTTGHEAVLAFRGFIFTITISKQEALVPEADRGKAFIIATISGFKNPFRGKTSYFMESVLAVHVRGGASCSLGIRGVATLPELTMLQAVCNGLDDLMLLGDLLTPFYQRHPEAMGQSVIVIDVATAGKAAFLVKSSLPC,166,,
Generated_Protein_73,MTLKIFGLIVTSIAGYFTGEPALYSVSVALGVTTGEAVYQHYLIALRGCLSIVAVVLGDVVIALTGGGYYQIDLRGAIADKSIDIDKKAIVFVALVSIASGIALIVGIAGFALLYITSAVLLVRAGSLSPIVLIAIAFNKTVPIPIPQVVKKEAKNEIPEQLQAILIIRSKEKYFRTLIQLSGERLQVITSQPLAIGAFHYSKVLLLSGAL,211,,
Generated_Protein_74,MSKLRQKALIVSLSAGVVAALGLASTVLLQAAQADRGNSLDSRDDSDNAALQGEQDRAAAAEAALDAELSSQDGLLDLQLEEKPKLQSARSGELAEEIDSAGERIDDLDLDERIERSSSRKDDSSSRADVRLRVLRRAPNAADMNAPPKPPRPPMSLRRR,160,,
Generated_Protein_75,MSGIGKSVIGLISCKAFITSIKESKGDSTSTFITPAKISSILSKDFTIPKKGYELKYGDFRDIFEGGDFVLTNDFTKGTLVAGDGIIAGSTKAFELKSSVCGARKSYEGIEEKIFNGKIRTNMIRNTLGGGVICSAARMPLYIQPVI,147,,
Generated_Protein_76,MSISNIRKSKNHPLFIAPTQSLMDLMTPAWWNFGSMCIVQIRRRYIKIAGLLVNSPEACSNLVNLLQFYPIEDNIFLSPDVPDLGWMYMIKDRMYGYLASFSLSSSIALAIATSLIVHFASIAMARGGLIYYYHQKGGTFLPWGNLIAVIEDLMMATATSIGGFITKITQSNAFMDKIDAFHILGSMLSVIYYYVLARQPLVF,203,,
Generated_Protein_77,MPTPSISPDADSAAATDPSEGATSTLSGSPVDDDDSESSAELSATAEATLRRDDAAVAAEDALLEQQIKVIDDAAEILGKNGINYDYNVRRKNRLERNLQLLLIDINHVPVYTGMQYRIGWIVIPFIGHICIKHYLRGLAHVVIGLPKVLR,151,,
Generated_Protein_78,MKSVFLVGAILTVVLTFTSGAASGGSYGGSTSSVTLALLASTSLERLRLTASLPASEEKEEEEITILSGTTGEKVLEEIVLLKELSALDKEKDLLDDEDIKALELRVFDAVLDAYREEYRKLDYDMTEIMAEAKGADFKDEIEGMRARHRVFPHAGAAAYTYTDYLDPGY,170,,
Generated_Protein_79,MINKSSKIFLAKLGSHSLYGKLFEVDLIKPITNGSAKEEKHLSKVYFDALIELIDFTKKENNKEIDALDILQLTKAKLQIEMIIGAATGGLSVIAIIFNNSFQNLILDIESKARLPSGIALSHINFSILILIFIDYSGMPLIHFNMAIDAHTHIPTYAANMGLGFYVAFASLMKYGFGLLAVVILIGFLLPHIYVRQANMKQ,202,,
Generated_Protein_80,MSISETLLDETITIFNKENKTFFSDLNKDFISIIISEDDDIELKTSISNNLDDINNKLIDAINSVLGLGLILTFLFNSFLLALNILEKLLHIEAISIKIPFLLESGKNSINLHNTLRNKKKNMLEIPFVLNTTNKKTVFLLELLLFFENAPPAAIQNIQYVKLKNGAVIEAFWKHQSN,178,,
Generated_Protein_81,MSLAAVLVGAGGVAPVTTGTDPAPRASAATSLVSPPSPAGEGAVAPGHPLTFVLLLAFALALITVLALLATFALLLVAGIFLYLAVYGTISLFSVVGIVILTGYLTLFAGHRDTVTVAVKGDTVTGLSDVGWNPAIAF,138,,
Generated_Protein_82,MAELTNNDVVTRSSQSTTPTPSQPTLLTTPQQQASPVRLVTLNASPSSRLSSRTAEVDSSDEVILLLNASVALSEAAELLSRSLEADLNDDLNRLQRLTIRRQLTADGAALRILKGLNFGSDSSFLKRTSELTLTIGKRNLEENGFQGNSGSV,153,,
Generated_Protein_83,MSKVYVAVIGSSGSFGSTDLDFITTRVLEKSGIVGLVSQIQAADVGRGLIEQTGQTDVFDVILEIEQVADLSGIDGIIIGRDKSPYDVLSIIEASKGEVIFRQSGYDIGCVRTVFATVRYERAQGLAIILSQKLAAD,137,,
Generated_Protein_84,MIDFSDIRKIAIENGLVERLNGDIFEIVTKEDLTVATISGDFQHKIKMLIFTGLPPGYVKSVYDVKHSFSGEEYCLEALRDICNMYLSIMGIIAGDVMHQRATGWAASIEIAQVANENLKHTFPYL,126,,
Generated_Protein_85,MSAKLKKIVYSTAGSFIESKSLDEQRDSVSLNMALEASSLLKNKAGGEDAGKIVLSSSSSRIVLLRGDAINKDLSKNAIPYKNGYSDFILLRENIPNMREQADADFSKAIIDDLRIVPLTAYMHKDDARTVIIWEMGLPMYGEKIISIAGAHAATLLAGGYIEHPLIWHPSIVKAAFEQRMRLDLYVPQTSRNVTLEKRMKIYGVIDDNKIWSAS,215,,
Generated_Protein_86,MKTSTTTLITRALVVLSIGLIGYFFGAYSPFAQESEATLTTGWTGWSAGQVHLDVVQVQGTPFSAPTVTLTLALSNRDSSATAVASSVTATTLKKGVNNQLEKTQEQNRLRQKEEEEILKLQRRRQKLSKAAGAGRAALKKKERLEQRKQIREAKEEIEKIRKAIKAIAKKNGLSGTQQFERQERENQEAK,191,,
Generated_Protein_87,MASTINTFKMILDAVTPDKQAAKTILKSGDVALLVEAENASAGRDLSLALTVAAQVTGANVLLGELNTGQAWGLAVRNLVRVTRNQGALIAALGAGGARVRVAKPGTGTEIVSEAPVEDRGAGQDKLLYCHALDLVIEAEPYGQHGAFLPNIKDEIKPGFTSDALLILSVAHRHVQGMGVCDIEGPGN,188,,
Generated_Protein_88,MKALGLAIFLVLVFVTAALPLESGGEPSALRRTAEPPVTPPPQGGPQQAALLEYRWQVPVAVAATYGLLAPPQRRGGTGLATVALAPGPVLLAVAVGNYRPEGTAYLLGNLSGGGIGEYGASTGGEVNPGASLLLGTVGGHIAIQPLENTLGI,153,,
Generated_Protein_89,MPNKTLLFLITLLLLITLLLLIPAAAAPSPPATPWSNIWTNLTTGSQWQSVICQDDTPRNILKICKRNFIRKTGTCQVLILGRIKNLCHYHDHIDIKPHINETWRNKLLGTTGCIETIKDLNLRDFGNDFYFRNIDKGLIDVETRDGLRGAWLLILGLFFLMIGAVAVIMTLTMIYVAMATNPTDCIKNPFLAHNSYEVHKNLGGDGQPVPFWAL,215,,
Generated_Protein_90,MKTSSKIYLLIVGNSADGPDFKPDGVSFSSSITPFTTSSALGAYAISGFGALGYDLITGLAGVGLTPGVAFTLAIGFNQQRKAIEQTIIRNGGAALLGVPGADKSVTVLVADALAASKSLDAADRIDALVTAKNIGGLFDDDFANIAIRDGAARHAKRDMAAIGITVAYPAAKHPVMVTLMLAHLVPAYGAAAL,194,,
Generated_Protein_91,MSVTLIGIGVTGFNPKVLVSASRLAIALASLLGVLAVASVIGVLSLTTLAVLVVAILATDRREGEAIEAFVVNGFSSGSSLSFVTVLRDGVREKTVRTPGESESGERVKRVILIEVGFFLYWSRDGKTRESWFLLLNNGLSSLAPGWVAAVLSVIAGLVAGFAFYVVLHFVYYL,174,,
Generated_Protein_92,MKSRQKNKTSSYHYLHLKPSPHSSSSISYISPSSANSYIHISAPLSSPSYIPVSSITINYIINISGYSTNNINASYSIYSLSNAISLLIIVIGNSLLNNILGLLLGLLGYGISVIIVILLILAATQRDGTILSLAVYTAIGYIYKKNRDTILGGLHTRLFNKHIIVDLLPTIYSLGDGGIIYGYDSIIVYTLAM,194,,
Generated_Protein_93,MTKLKLYPLLAAVLFPAVLFSPIFSIEDNDNKPSLEIQKTVREVESDLKVENFYSKTINSGKGRLISDVVTFKYEIIIPGDLSTFKGYEGKGIVTYGSADGVLNRVIAGAFSVAEIEQGQPASSVAENEAFREAIPALNTPPPSALKAMRIQKAGQVLRGDSFSLLN,167,,
Generated_Protein_94,MTDDASLKTKAAVSVPFIELKKALITPGDVTTGMRDIFALIEADSVDSVMIKDGLSLSVTTKDGFGKAVMILHDSSAEILDGQDLRFTKDLRRVLKKDGTKKFSIILIITKGKGTGKSGLAGVMAALALAALLLLRHHGDYAETAAVRGMDQIGRFNRRVEMPVTT,166,,
Generated_Protein_95,MADLAELEQKKELVAAKAAELKLAAVSPPAAGEVRADDVAAADIDVVGEVEVVALSHGDSAEKRINAAVGALLRAFNPEWRHQGELKGFVLSGMPYRAFSGEQSRIALKPAMHWRYLKVQPTGEWGYFDQKMIATGIPEHWVDENCTP,148,,
Generated_Protein_96,MNFLLVLGFSFISMFGFNLIGIEHGEADEKLFVAIARQGAFADLDGVFEGFGGLIVFANPVTMVGVAVAAIRRNKTLATMGLKDRLRHDAAAAILGIAGYLLDVFDALLEGKHGIENRELCMLLGAAMNAGIVSGVL,137,,
Generated_Protein_97,MSGSSTRNSRKQQQRTPRNRGASLSVRRRRKKTLEKKARETPRNRRKSNESRREKKSRKSSKNTRSSTAARKKGRRKENEEERSTRESSIELNDLNESSLISAGNVKKRPENEVCAANKISNLRTSSLLREASAAATLSLNSGLNSLQVCNNKISAAGLGLLNQGATFFYSNQQNSKGNSSGFFY,185,,
Generated_Protein_98,MSVQKIKRILYTPSQSSSSPISDQQGVTPRGTGLALSTIPQRVTTVLRESEADGCRFVKRILAGESQVLAKDTGIIGNIEISTDLVDVLLKQVGLSINPEEMICIEKMIFRVDPNYSQAIEGYFYVVKTVRDVPSALAAICEWLEDRTLQQGKDAFVEAKRRDYVPANWVMTLAQCGKRDEIP,183,,
Generated_Protein_99,MTILAKIIGPFTKGKSTPKVLAVEAITGEHPVGKELFNGDLFDGAAVVLEKSAADIIALKNPKGGIFNDSFNALSLALNGGLFTVVFNDFSRGQILLLAGDSVLDMNAIADLKGAFTVAGFSGSARDFDMS,131,,
Generated_Protein_100,MIISGKISLFLVVGIALFVGIGSLSESSAVSDKKISIEDKLKTKIVLIKKKDGALKDKKYVYVITGLDSIDDGTLIAKTTVALLEEEIAKGKILNVALDELDDYAGLREAGFVVFDSSAAITDVNPYYKVPKTGLESKYDVKIKIPIVYTKGLKTGVMEAVGDIDFAVYSASGLASVLLRAREAKLLAKYDGRIVEKILREGKVMENREIIVMAKY,216,,
Generated_Protein_101,MPNLHIIDSPSPVKEKIISEEADLGVESFHDALLTSTPADHIETLSLGLSFSFEISSTLGTRVLDLETAEIFKFIPPNANPAHQETWDLNAEGWRHRNGAIVTLGYHFISRDCGSYGNGEMKISAE,126,,
Generated_Protein_102,MTSSKIAIIYPGTFDDHGTLFSPLVILSNIVSILIVFALLVGVVFIFAIFSARNNPLTLSKLPERSGSIQAKQIILQNHGKEIFGANKSLITGLLAKGADTLLDTILSAKDFDLAMRISNKHCMAMGMYFDEYN,134,,
Generated_Protein_103,MSLEKLKLSVLAVIGGGISIGAVGASLLGMAAEISRKDGSVVSISGEALVQKDSEMSEARQSIVAVKASLKGLAFGVSAFPSAFSIDIGMSLGGIDKAIGLVSSYVSLALLIAFAMRKSVGAAIEPFSVGIMGTAVLMY,139,,
Generated_Protein_104,MSGIVSLGSVSALFDDEVKRGETTGIASGLSKSGEVVASEALTLAADELTQRGTGQSQVLSGAPMAVFNSKSVLNGDAVLLLLTGSVYSRSVRSSEADEVLSEKPKKLSYGIVTQQVVNLKTAKAMVLLDTGLIGDYDKVVRGGCILDYNKLTMREELMIQSSVEPGWSEAREQVPSLYDVILNKAILKYGVLTARMGGD,200,,
Generated_Protein_105,MIGNDFFVTPVCEIEAIAGKAGCWAITSTERWLLAGQPGEITGESPGIVWQPEEELIRLHHTQAAGLEPLTTQALRYRPLWHHGQLFEAEAEEGQVWLIVCGLLSPFYNDTGQQIALREEARFEGIVFCLGAGIRYQRAV,140,,
Generated_Protein_106,MKRLFLLLVVASVLIAFSTALLFGSLLALQTPEDGEAEVTESSGKELDLSVKEELEDDEVLDEEQDEEDDEVDREKKRISDLQADRLKADMDLKVDRVKRRSKLRRLEEEKRQGKVRSLSPKKTLGEAFRVSRKVPPEYTRRAREMQEPPPASGFQTFGYTGATIGFTMPMSVYRGFITLMMGGYVFSGINLKIDLEQNTDAFELVP,207,,
Generated_Protein_107,MSTATPTLRPASGRALPVTAPRSLGLLALPVGAVGRGRETGELSVLAREDVGAREGLGGTTASGISSGGTGLLVVLTVLTGAASGTDPLALVTTRLSSTTLEELRLEEILDDEDAIIDHSSRISELSEALLHPPAIYFVEVLHELDLKHLNLLLLLSCRRHPVAAREISHFPEF,174,,
Generated_Protein_108,MAAELTTTIRILVSGELLVDAEVVAGKDKIVTTDLVKSVDKDSVSGALTDSLDDVIAMLLDSGKASAEVLDKASVVIFNDAEVEKSEEVMVAELSLRPDADGYIEGSAVVVKTMVALALKTPALKLRVIMPAAPELEKLVVYSKSASVLKELNAAREQVIGDYREFQSDIELEGLDVYDVARKDNVITKTVEVMPQ,196,,
Generated_Protein_109,MNPKVKKTQILGFSFVFGLIGLSAGMAALAGQSIMADAADQLIPERQVEAQLARRIAFGFEKPGLNGIDQSIADGLVIDGSKGMVLSKGIPFDMVANMLQSDTKRIPLTQAGIAIEGIPFSQGTVMVP,128,,
Generated_Protein_110,MATPLLQTSHTISILASFILLATAFLGYFLANYSSPSSSPLPPEKKTYTNSSLLEQKISNTSIEQKLIDKTLIKINHRRIENINEEKILGDKTTYSNVTLRNNAKEKLLSDMNGIEIRYQKHQYNDVTRLRDIEQCGLEAKAYNLAAGHGVGGGVCAMRGWDIAHVPTV,169,,
Generated_Protein_111,MRKRMMLTHAMKLLGLTLTVVITGLLAAAALASTAHRADGPGRAAADRRDRGGVGLLDTQGAGRGEVEDVQALRREAELSQQQGEQADRRISGGKPRHREIALRAGEKQRGQVQCGRRVEKGKHRFQVTDRVAAVFEKVCRFDGPNELALHLDVKTVTAAGSEGQPTV,168,,
Generated_Protein_112,MSIRPILIGLFVVLSTIAALAIASNSGPKDLATNLVLDNSVTLDLGQIDESILSSGNKSNRIIVLDKIVNNTVSVLLKGSRNHTLKGIVTIAIDLPNTRSARNKGGAVIVLSRDAVRIAKRIDALPNRIGISEENIEVLQIYSAKRKGPEAQWEASLEAAKAQGASKLAKKQIDEAKKEQSSIQPSSIRQNLYRGL,196,,
Generated_Protein_113,MKNLNDRVTLIVGAGYTGYTGNITDELILLKLQEITQPEVLTAIKTLVTPIEATKLLNVEVYVTDDLVTNKTILTDVAPFTLIYNDNNNPTLIPVRTTTGISNITTTKYEAPGAGAYETGVNFGNHILSFGRWQVVPNNVLGNIYQHIPDVAFKAPDNIAVDVVAGRGVILPLDVFAYV,179,,
Generated_Protein_114,MSTSATPPLQQNQANQAASRLQQQPLADLIRRNPSFFDDPTAPSNNLLSPLLLAALSSNAKRISADAIAFLAARRIEALRRLLAAGRRDLLLSFDNFLTAKAVEADLGLGFLGILDITLPLEQKEQLIDTLSYRLSLIGGSKTVERYNIGLNGLNYVLNYRHVTPGDLINLPPKLEQVISKNIGAVD,187,,
Generated_Protein_115,MESTTTILAAPAARGRVVAVLVGEAEAGGKDEVVALGEEAEAGALVGTAAGRLETAVVRELEAEGIVATTPAAAVAQTTLAEKERAAAQLGKEALDGVALAAILLDLDIRKVRSQGDELIDGAGRHAGIVAIVRHRHGRAAERGSIFTPVVG,152,,
Generated_Protein_116,MILRAFDGRILTPFTGKSFFDGSIDGTSSTDPILIENFSRAGDGDLIFGIIGTRNRFTTRRRAFGQADEDALRYFADPGAAIRADAADPDPAAAALKALTALRLVEQRDELLADIDPDLIEKLTADALALRLGAADVATVANPNPGALPGLATLRRAADELAADGVGIGNAAIIHGTYFGSNGARIRSRI,190,,
Generated_Protein_117,MTALRLRQITRHLEWLDVTGRWFVTALVGGALATGEIWGVDLPPRLVVAGVDSGEPLLALIAVFWPGAVDNVGLDKIDAGQNTKLVPGIAPVWAGILLVSNWIDIPPMARLGLALIVWAAT,121,,
Generated_Protein_118,MDFKTLQETQAFDYQLADWSPAMDERALLDLQVAQRSPLYSLMEDLSQAYLDLPARYFEQVTILMALPDSSLLLRQCDLDTIDLKAKFSEQKMEARYGNARIDGETKKFGEVCFCMLLEQAENLKARQDYVRTLDTVMDSAMNGVLQIRKKWMISRNMIDGREGSKVCLQLTVLAGYPSNFPEVLALLEGIYPGVAHPASKAVIDL,206,,
Generated_Protein_119,MSLADLQQLTHIHLSNLEREIITLNRSPVINPVWYITLTLMLVDGNALRRYGFIIDALPEAGLPDLFATISLPDLFYALDATIHLNPVSFSDAVRDIDALRTVGLGEGNPFGVIPAVEGNIIPGNHVSEAFDTVRQAIDALGKALDGARFIPAFSEESALATHSELIDVNQWYGVSQSPNITGIKAGRLIMHPFTDNPVSYCDAEEAETVKA,212,,
Generated_Protein_120,MATLQLRPLEDSLLALEQLLSPAEPAAVEQVRDDLRDCDCERIDDEGARREVAVRYCELSEEVVCSGDICRYCPDEGACPRFYRFNFPDKLEDGSGSCFCGEIELVPRKVGGGGGCTCSRYHYGSRTRRLEVAV,134,,
Generated_Protein_121,MKSLSVLINRRSAVPFKMIVEEDRSLEIKGEEVVVVKGINQKAEMIGISKGMLGFLTDSGETKTLVVSHSEEGMQAPVPLKQVVIFSPNMFEYIEGLAIGVSPLLKNYFEEEAPVILPGEKIKLAIGVYDHHAFTQSLLEKSFQPSVYNIAKPHRMHQLERISWHRELIANTIQAIGDVTVLKGPGDCGERICLYFSSIDELQCLEM,207,,
Generated_Protein_122,MTTYDVVSAAGQEILIPMPLKVIVFEDDSARLRDRITLKAERASLKNAAGFIVGQIVGPVDSLKVGMIAGLAPGHDQAEIRGLFIEYEGKPFREVALPSQIALATVKPGQRVMEYDLLATVEGKVVDLATIRTMSEMGGVVKLEGRLSIVADLEGDVVVTIVKRATAQGALELPAALRLASING,184,,
Generated_Protein_123,MPTLLDFQPALAERQLQALTPATELATALDELQQRLENFNLMDSAVNDSLDEQSLVQRTMIEELDARADAVDLLSSALDEKMINLRTRLGADLSQVAELDAVARLGGRLARRFSHEGDGVLDCFYHQPPRSFIEEFVMVRSQMIIHQKSTRRNLDMINGMPGEGYRRRLEMSEKMSFAGCMLTHKLTLANLAYPGVTRLDPGEQCSHPAFIIVLRL,216,,
Generated_Protein_124,MARPVRIIKPLIAVGVVAAAAVFLAVGYVPGKDEADELETLLVEANVTDKTVLKEQVVDEAKTLIPEAEKEAQEARDLLVAKTVQEKTARGAIRTIVKQAADYAKENELDVVPEMLNKEARTSSQEEYIRFIPDEKREVLNPTTVGASRLKDYA,154,,
Generated_Protein_125,MNLKINRKKIALIVINNQQTKIYKDISDTIIDEMTNSAYTKSLYESEAYELELSNEQSFQIEAEIERMEMIQTSKTLTFFRNQGLARTGIGSLGSITYNDSTVITIGSSTTPQYFQMEAIGNLAMSMRHPTLTDHFYQQMIKALLQQQAEFELDLRDSVLDYGYKREALTVLGNDLRSVIMTLPVFYALSEDRDLSLSHLNPEGQMASTRKAITIGYY,218,,
Generated_Protein_126,MALNSQLLSLKDIQSDATQLEQTTSSEDIHLGDSSIITSRINPMLNARLSDEQQIVDIHARLLNYTADKLTTTAELSFYCEDLGNVAQARYCIPNGALLLLRYLGTMNKKKDPQEAIELFQHQPADGEGYNGTVSPRTIMEVTDLQKAGARNGYFGQDIIPELEVPLEANKMSIDLELKATDYHVRRMDAANSGFGIK,198,,
Generated_Protein_127,MAVLPIIVDSEQSGIIVTGRGLVGDGEAIAILEARIEILERHPDRLLAVTPLAEPEVVKDERIAILAVTAAGTTAGIEVAGTGLALLGEITPGIPGKGKIIVGVTTPGVTAIVINSSIEPGAVLAIEPLAAVDTKASAARYGKLIDLPGVIISQAADTLLAIE,163,,
Generated_Protein_128,MATAIKLYIVIGPGSTPIGRLLLGSRRELLVQVRNIFANRGVLEPEIVGADGSVGIVRAEPTSLSGADGEAGFILSTKVATKPLVDPFVIAGHPQIIGSPYATQKVGIAGSSREVIIQDRLAFGAGGVIFDFRE,134,,
Generated_Protein_129,MASKVIVTVYPDKEIIAGVSESFSDDKLGVTVKDSSLSKNSSLGASILDDSADDTTVIVEQPEALGDLIVLEAARTVENRALVARGARIRHRDFDIYLQCRLSEKNGAILFIPQTPVHKWSKYDYIARENLNVKYAGDAAVIN,143,,
Generated_Protein_130,MLRLVLVTGIILLVGLAAILLTALQHEPAADAHGEPSPTWHLWHDLFLAFLLHLSVLLSRRGKIPAELLLPEVTEHDLREERLDDEVRDHLTIDEELHIITWLDHGFSKETRLKIPVKILVLTALDALRRYLKGVLRFGILDEVNDISKDAFILPLTWAVMGWHLMLVSYPLGYP,175,,
Generated_Protein_131,MALLTFWLCLFTIIVFFVSAFLLAILSPLSQQPAQSLESSSRSPLKPYEQETIRERQLAEVEIKLRQEAKRISGIVASRQRVLQEDQAQQQVLLARQVSEQRRLQLATRNLERRKIEQCAVDYVAALKREEIVKLGAGVL,140,,
Generated_Protein_132,MLAETYSTLNLQQKILAQSAIKPSHSHSLSNELHYSIHLLSNKNINISKEVENSISKTNLALEELNNNLRLSSLIDAEAELLQLAKIDDTARRILLEQVEAKEALAQKLEYREIEEAEVKKEVKLEKVYISVAQYYYEAYYEKLQHHNLLRERKRIQKIPTIMNLVLQQQMEEKEMAV,178,,
Generated_Protein_133,MTSLQQSLALSSTPLALALPRRSLLGLLSAQQPQGSVAAQAPDLSAGDGAAASPALAGSLASARRRQLALGALLLRGAVGAALRRLGGLGVGLAPAAGAGAAAVSVAPVLAPATGALAVQ,120,,
Generated_Protein_134,MSILIDRELRLAILRALPSLGIQPALLEAPEPVWAVTRREGYIRYMTGDRYLFLTIFLEQVNGLIDTVRQVCAGLLIRGLVIAQIGMLYWEGELQPGEVQIEDAVPTLRESLFFLGESGGLSVPGAGISIAVQVEVRLPSELGMADGHALYDIVTKAMQPGEGALFQAMEFFEDGLHTIAVSEHLPEELFMIDGVRLFTSEVNHPIARRLMK,212,,
Generated_Protein_135,MNDSLLLVRGKIVGVAMGGGSAVSRRGMVALGGGEALREGLGLAGAALEALQARRQMPELLEVERRAGARDEAAAVAKDEEVLLRLEEDMKEIVARDVDEVLATFRTAFTVDEMELTLQLAMANSFSKKKIALMNGTGASPGLTVLSGLVSGSSAFFGMDVIMIISIAINTVVMGHPDVLMRDAAAAPPMHVLRFAMKVYVRHEARQITGSQ,212,,
Generated_Protein_136,MLSKEKEIRVIAEQTKTELSERLIEAEAKRRIVRQEREEIEQLDALAAAEERLERRMRPYRREVIEEVGSRLRLVVANQRDVIVLGADNAVAEGALGGVASVIEQRLRTGQVGYRNRLLRDMKEVGIEGEAVEFAVEAVDEAAVKRGIGAERL,153,,
Generated_Protein_137,MIASIGLKTDDVFRAPYRAFDPGRKILGTTSIRDFELVFDGLKEKPELKLGADVVADAIEAYKAYKKALGIVPALGLEGVLKPGLAGIDAAMGGLGVAGSRFIALRSDGVPYTTAEHLIDALAHDALAKAYLGIERKVLNAAMDLIGHSDGLIVHEHTGFGMRDERKPYMIPTVYADEGLPAIK,184,,
Generated_Protein_138,MAEEELAHGAASAHPVLAAVGTSSALITSSTGEVLLIAVVLIVIFILTFLLLGLGIMIMRSGWVLGLRRDAVAHHLGLETQLQKMRSFAEQVGQMKGQKLMLQPEVIIFEFHYHEFFSHPSKGLAVRDIGADMNWYTAPVAFMKDVEKEKENQYIAGYRHS,161,,
Generated_Protein_139,MASLTVAGLCSCGLATLGSAAAAAALLSLVAPVSAQVQVVVPPSAGELELPGLPSLPDELSPKEGEVAFEKRVFLKDEVLNGLVVAEEAEEKKALGAGKLQYVKLNELYKLKIDYVSTSGGVFVTSSVDTAVCTAQVYKEDV,142,,
Generated_Protein_140,MATKNIILLLILLLGLAGTCCVIGYTSDTSLRPEEKLRILYGDIVSIYGKEICDAGNLIVEIRGATCPEISCDLVLIISAGDCNPCKNSSARLYSGLIKGITAGSLITGYYTASLAARSSRIVDANIEKAVTAKYEIGVIGCANITNVTREIGFSPSAAKVVYYNGLKTRDPKNSFIVEVEKKA,184,,
Generated_Protein_141,MSLLLPRQLPFGDILPPDLRTPRYLAVTFSLRQVPVYLLPLLGSAIAVLTIFFIYYQLYREVDRDTLALLARADRLVFSLRAVLVRHFGFVLTGVRKHVGGVTYQAFLISLSWPFLRRYGDFISDLYQPEITL,133,,
Generated_Protein_142,MKTLSAVFLFIAALVLLVFFVLVAASGYGQQGRERGTIPAGQVEGGTYTYRYDGGYGRILTTTGEISDIVDVEVEFEAGELSGEYFVVGEYSRPSRLPDPLVVAIRNHPGHAALIFFAIDFLYFLAQNRADVGLLHHGILTGIAGVMPDTKRGIREAALLRAEVWLQDGLMAKPVVNEQRAPSLAMEEHYFGESHRRDVQ,200,,
Generated_Protein_143,MSTLPTSGVLPASAAGGTTVGPGSPSPSLGAPVALSAVQRPAGPARARVLPGALVAPQGVGRQLVVLAQQGPGAAPVGLGGLALAPQVVAGLSATAGRLEALPVAGGGAVEEVDPGAFYGEAGGKRLGGEFEGVIGAVETVELLERALLLAPVKDAEE,158,,
Generated_Protein_144,MLIARVIAFLLLAIFSVASAALAQLSEDSTEADDEDDLTASLLLSGKTLINEATKVSEEAGDVAILDTITRTPDGLVIIPASRTRQLLAKEAAGLVLRVKINGQHDYYSHRKMQGVWLDAEFSRQCLSFGLPTF,134,,
Generated_Protein_145,MKLLLIVLIAGLVGYTCQAQQRVQSQLLLVQGQRRLVVRQALLGLAQGAPQPRFQVQVGSTLACVQQCQAAVSLATTAVQLQLGTVLTNQGLQNVRINCQGTFRKAVQNPFRDSRFQCRFRHSVGIPVALGVAPVTTCHYTPAPGIRIIASRKQAALLEQILDFTYSKQITKKGVEGYFRKMEG,184,,
Generated_Protein_146,MSKNKTLLLIGLVAIVIAVLTRSLAADPGESADIPDVVTPEEKVKEVIEVSGKNKKIIINAANPAVKDVVGDGEVFYENQKLKVNKIRIQEDILEDNADLSLQADVKEHKVYDAAYREKANNGDGCLGVPAVVHVPKHRACYNSGASCPGRKPTSVKEIHDRNQSFCDYKQKPGINGETW,180,,
Generated_Protein_147,MSITLSQQQQITSSLPTSLNRPSISLLEREDQPMLLMVFEALMHRTQGDAMIDSLGDPRLTLLGAATAINIPVSGQQLLAQPIEDTAITGTIVPDCAAINLQNYTGQNIIASQTGAIPVLRLSVSPGGKAMGSTTAIMENMVSIY,145,,
Generated_Protein_148,MNIRNFLRKKSGILMGAGIAIGKTQGSTSSSRMEMSRLGRSHGLVITGQDIIPIEFYLDPQETGTIIRLEFDIRDATADRTAIARIIEGIILATSGSKADRFIGARPYADKIFLTYPETRDKYAKRDIILLEDIAIENN,139,,
Generated_Protein_149,MKLLNDTSFIEKTTLNTIESESLINSDEQQSDDDISATTAMLSVRINQRRLTDGLEIDMARLTGFGDLINFDCFQLDGSSQVPRIGSNGNINITTEIGQNFGKIRKARRHATMRFNQGACACVMGSGKGKMLEIEPIILDEETSLAKITALPGSALGAFPVVNPGHM,167,,
Generated_Protein_150,MNLKNVTSFWLGLQQALFLLIVFIVAFFLLASPPPEEPWMELSGWEDLSGKRLNLRLSGQTDQSGILQSKSLLLDQITITLTNTVKDKGFQSTIQELRDIRIQNNRLGLVDQKLGASLARKLSHPFFIYYHLVDWVICFLKEAPNCQVNVKVRKALPILSMGNYHLAALRKVYYHSVDWKESSFFQEQSQVALRLVDVWMVEDQSANIPLADVRTWM,217,,
Generated_Protein_151,MRFLPVFGTFLLLLTLSAAVSLSVVVSPSERGRGPDEPERSPAEVPASEGELELEEKLKKLVLDRGRRVKVRSSSGLQGNLSPSLQAARWYLSRPNRKVPSQRLLPPGTCYGRDLGTFFWYFISCPVTDGVGAAQWVKTN,140,,
Generated_Protein_152,MSERTKAAILYPDVVPVVVVGVEQDMRGEARSLASEVSRYSRIFRALLVEEEVHPGVIFTAPEQGATAMYDTVENKALICGGMATIAAAFVRKLPVRKLPEDIVTVCGGGQAPTIALRTTAARVRGQAVASMEYEYGDSILEGILENLLVDGGQAVILLLLAPAHETTVRHGRLAFEDMIDGHTLEMSV,189,,
Generated_Protein_153,MKKKELLRDVREKAILIISGGVTSGILALILGSQNSAEDIAAIADIARIETVPPTEEPVLTLDPDVPDEEQYPPAPDLIEQLEAPAPELIVLNVEVVAQEEGQAPVQEQEIAIRVIDYEQARIGAGKRLVAIPGREGVYGGYTTVPHPRVISVSLLQHVSNYLDSGTYVQHHHLPNGTRLQFLESNKIKKEVDQNRLETFRDMRKEMSKMNDTVYKGDE,219,,
Generated_Protein_154,MKVGVSTGALLVLLLVVAGLLSAVGSQLREAQGSEDSSGVDDVTDDSEELELSARVEVALLAVLDLNAGAVLRSAGSLSEDASGSGSSLVEAEEAEEVLRKDLLEVEDDVKEVVEKARVMKAGTDDITAMVAGMDISNNITDFGFPDLNMTPPMKLKATVTRYPPRTRARMMGMVMIDRGAGFTITT,187,,
Generated_Protein_155,MSAEALADGDVEIAAIESGAGAIDAARVVALGIDVADPVIDGVESRAAALVDGVVSKSGRRGALRVLVERHRIDFEGALTMLKITMSAAMAFSVFGLLMINPPGYIGMKRPMTLVMSLTF,120,,
Generated_Protein_156,MIGMDNLNLNDFLVDERIQADFSSPLLTADRLLTKDDGVFDHYIIMRDLGATLAAAGFITGIRGLLATVGQIENPGEVRQVMSDCVSAELSVMELGFAKGKIAPNLHEEKLRLYEKVVMTGFEEINSGGEGSVTAIYAERDLELEAHMTHRMKVIYADKQGNRPLSACLNDKAFIIVIRELSGLGATSRLDVYVVP,196,,
Generated_Protein_157,MSITTIKPRIKIGIEPISQSPEQYVTKDDDLLTVTTTTDEVSAVRIGELDTLAKYLKYIIEDRLGQALDNAIVNGGQSIILDSIEIIDNFKIIGTPGFIIGTAVHALRTVPPVREEIRYDYM,122,,
Generated_Protein_158,MNISLFSHLSFNKILNRNAIEWPTLLTSAIISIFNTIIFGYIFLIIYKYEINTWTILAIKKEPAKNQEAQSAAISKESQIIAQKSLKISFSAQQEQEAKLNLEQQQQKQELLDIHVETIASNAIEQEEEERQQA,134,,
Generated_Protein_159,MATEKIGLLTILLVGGGLGGSGSALSADADGAGADGKEGVGGAAVGFDAEELVAGFAGGAAVADLGLVVGKAVIEEPAVAGLDDVAFPELAAALELADLLALKVELLVILGAFDLNPFFIVLIFIVAFFFVMVLAIINPVIIVILLFGIFKALEPADKNPPPAQQL,166,,
Generated_Protein_160,MGVATVDVALRVELVRVVAAEAEGAREVLSSVKDLVTDSAPEGTPVTVLEEETLEGTAVKELETVVVVDADEAEGAVAKTGLVVVFTTKLTTLTDLGDAVVLTAAPAVVVAVLPDVMPTVAAEAPVGGVAGALVMVGVGLKRKGKLAPVK,150,,
Generated_Protein_161,MKSLVLLGGTDIAELVAGRVVGTDRERLLLALDSSRVKAEQVFTPDKPVTVLTVLDSPDEQAELSGQVMIDLKVLNLKKLDLVLAAKAVLGAKAAFAVTDTAEARFAKLALAEAAVLKLDAAVLAAR,127,,
Generated_Protein_162,MKIFSDFIAKDFPKEIRDLQALTTLQLSLEANDDTLNLFADIDIQLTIEDELALTGENPVAITGYTLPACFTGKGYCGQVGNTAAVSSAVLSSSLGKRHETVENLGILLIISRNERTALIPDLLLSQWQDKLKDMELNFKPTPEYRFPSL,150,,
Generated_Protein_163,MSYKVLYSGVISGKKKEKVSKKVTYKVVQNDEYEVYIENHHHPSEDEEIEDKIKELEEVKLIEYNDVKVDELKKIELNDDDLYYVKLNHEVYTGDIPKLITYKITYTIHIIGKTGLKPPHPSKFLSHPHGVILYILIFGTFGYTTIATGVAVSSFVIGWSGQATPLAYQWITVIIPVFYDYKDRSRLNIHQQ,192,,
Generated_Protein_164,MKISSRKLMSRNNNLRRKIVDASKNSKISKHGSFLDETPEDSSGSDLGNDSTPSWWDSSASDSNDGSSNSSGSNSDSEIELDLVDITITSALNINISLSTISASVISASIDTVTYLLPPPMILEILEIEL,130,,
Generated_Protein_165,MEILLILSTPNPEEGVILISGDSINLIEEKLVLSLVSEVNTNLSTNRVLSLVIFEKSVKLVYIDLHKAEISSNEVALIEGEPGIRLGKYETTHQAIPMNVALVVSILLGRYGTMKYSNGVLMSGVTVPFA,130,,
Generated_Protein_166,MTIPLEDVRKRKAFIIEDEEKVEAEEEKTIGIKADKKIVKEKELGELDNEVAVKVNNPTEIRFQEGQLFGVRNAVDLDVKVGAVGKFRMSRRNQALELGAIRHENPQVTSDADGQIVVVPTLALKGQIMLDEFISRKAD,139,,
Generated_Protein_167,MIIRRKILVGAIGAGIGYSGKSAEVSHSSLGKIEVISSTGVDDLVEVIELNGVSKKGLDKFDPKIKIFDDPKITKDVSYPKYHLVYNDVLFHGISKSPKKDFAYGIRTAAEYGILRKSLAGVSAALVD,128,,
Generated_Protein_168,MKKLAGKSIGVAVVFLASLSLITAVVASVIGLTLKTGKALDKEEKKEKGEKAGKLEVEELIIEKIKDIKGISSSGAKIKGLSSSLIAISALEAVDIKDEDEEGYSLKEKEVGTGLGGKRAKKGELNEAALLLAKRLDIKDKIDLEEHLNLENRGYDYRREKAGVSSHFHHLNADTATGISKPKYGYFFDFGYTNTLPSATIDPERFARSALGMKKGI,217,,
Generated_Protein_169,MPIIRLIEQLELALEKEEDDIDIEKLTPPSSAWVPPEEWVWNLYSKEISIKIEGAIIKSEILCLKTAIEQENAAFYKYDAIIHAQALQINDFYRDTKEIETVLLRHHIKMISINAMEQCLRYGLKSPEKFECIPFLKALKSYGAALKFDYVNEDHQCSLNTTPSNFDTTLLRLQMMEWANFPVRSLKV,188,,
Generated_Protein_170,MDEAELRKAVALALTVLLALLLLTAAGASASAREQVQVRERRDISPRAPDSPRASSELDDAAASPVSGSVLVSLELAVVAADEYVATGEEQWEEKVAGDAEELVAGDAAGVMTLLITYLYYWTRGLRIKALKTKVVKRRQMIGQKRFMMQVPHQCISGLLTWGHPHYFHPYFWIASLCCSF,181,,
Generated_Protein_171,MALNFGNATICEEQSHHAFVVDCELEQLAGCELGCDARAESGQSVCFAGCECGPFGELQSLAGVKTTALLGHFCEEAKAGQGQGRWKALALMGQALTERLGTEEEEDAIVKGTLMEEDAGFCIQGFQGTRQGNVVQ,136,,
Generated_Protein_172,MSLDNPFFPLLLRAGKTEMKPLLTELTERDGDATTLSVELTAMLGARLAREVFDDLATLTLRTGRTLGFFNKATAPQIDDAALLLTDNPGATRYTALLRETPLDDGLQSIAMYCDPEARDELALYGLHLAADGIII,136,,
Generated_Protein_173,MLLLLLLTLVATGPVAVPPVPPPRPDLPGPPSAEKRPGKPRKRNNQQGPLSGTPRRKLSPNTLLLEDKEVEKIKKTEDKRKELKRNISENINDLNADIQNEEQELQENNQEIENKKEEAIQLALRTLLKTAQKRLNHAVTGVKVDDDALVAGGGKTHSGHLKIDVTISAWQNVASGVTHIFLNLHRRK,188,,
Generated_Protein_174,MADIEKTILVEQRRYPVFRDMFPVEEVWRDMSRNELLGERKIVVTPLDAYRYLERKATVESDIEIFKGCLGIAASMAVGLCYSIGSLAKGKRNEYACLHTSPEGLESDLIVMCEGGVLDILAEPENALSLIEG,133,,
Generated_Protein_175,MATINTVKQSLKVAYGYGGTIGQLMERERVLLTSLTTDVALTGQPELSFTLADVATVVLSGELSSLLGEQLDKRYLVLPDGQIFTSLGDFCEPPQLVAVNLALNVLAIDFTTGINHGRGESALITRNMVFIGGGFIYPTWHQSPQLLAGFVVGHCAINSVYDTAIKRKNTLLIPADVAALGVFSLGVPFS,190,,
Generated_Protein_176,MTISFKMDQLQDFIRIIQLENDLDSFDSINSSEDDGDDIISSSGSSTTLKIILGSSKISSSSIVSKSKWIFGYSGKSCEIVTLAVIPSCIRHGQKPKRIRIPQPLQSEYRDMEVQTIICLEILASTDQVPQLGDTWLFELI,141,,
Generated_Protein_177,MSSIRPKLLALLATALFVFSFFFSATSPISLLAAAPGPPLLAPPALSSAATSPADSGVDGPSSVSATASVTSIGTLASGILDIDEILKRRLDKGLFSFPPPSPRIVVFFISLLTVGFIMFNVVIVVLFFVAMYFYHKNRKNEAKGKHDEADYI,153,,
Generated_Protein_178,MNALVKSRYVTAVLLVITGIVVIGLLATPISELSGIGAGIALISAAGAGALIDATGFLGKSGLVTLADGDLDELVAVFALSKAVSARAAVAQAILVDRRALETSAILAQAILKEQGETGFHYKGAVIGFSLPTISVSGITVTPLITLVVLLYLLQLKKEQQFAQEAIFLHYADRKALLREKAKIELS,187,,
Generated_Protein_179,MNDLNIVKSSFAILIISSSADVSLGYGRLEAERVSVDLGVTGQLSGFADLDRYPEFLADRLFGEINSNGNGDNFIVILAVTSAGAVVGLAINLELQGLRGVLTPNTLLLAGGAFVRRGAKRETRLIIVEAKQGAGIVRIAEADAGVEETYEVDPDGKYQGQWEEFRNDSDSYRPAKAAKFDVTPVTQAYFIENGPEG,197,,
Generated_Protein_180,MILKKIVLLVSSLVVSLALVAVATVGLSGLPQQAASPSSQASDQASGPSGSIATTATSTPTGELSGTPQVNTISIGEEDEININQQRILDGQGDFRRFRRRILDINNPILSLLNYEAIALAGDYLATPDYLVDFVVDDDLANYMIMVSATKEVGRFIVKTGKLDGMKVVNVIPV,174,,
Generated_Protein_181,MQVIIILLITGLGTFAIGLGLALQALVLGTQQTKKQGQLEVERVLETALAEEVIDKDYKRNILAGVGIRDLADCIAAGLVVIIPVGAAIFFVTVGIYYYNHLYNRDKRMLLAMATHGVLPLAVLGLMVTMAFICIMTAFIAFIAHIQ,147,,
Generated_Protein_182,MPSQTSTAQRQLSRGLPPLQSQLSQVLVSVGVGLSPLATPLSTTLSPVASVPASLSPGPPQVQGPLPGGGSVGARGRATVVAVINTRGDGVAGTGCCVDALAGGYAQVGADRGAIATCRDVLDIDVMPGGGGCRGTRGFVVAGIDTAMLGALLVMAVAAFTRFYTRPVVGMAINPIWVIWRLLNMVTDF,189,,
Generated_Protein_183,MNFLTLQSMFVVVSAFIGLFLVMVSLGYFNATPQPPEPLNPLFTAFGGSASFSVGWHFSFFFSMVVAMALGVGQNLVIGAFAFNNNAVYRRQMLGLGLVLQAVGAVLTAQMDNVGFVLGFLVVYTVGYMTFTAAMMLLHFVWVSSMLAFFALAHIGQKDREAIAAMGQDVVPANVTAQNEENQDKQDMGDGPAVREQPRRRLRVMAGIVTLIGPAV,216,,
Generated_Protein_184,MQSELSNSETQHHSLSQPLKTKTLQKKTEQQELLSQSLIHNQLHLTSSSEQQQVLEARKIHTILEELEISELSISAVEDELTVQKVETHYFDLTTTKSASSRYQLMLKLTKLRKAMSTTSFQELRQKEESFSKAAILMKLSEESKHRVVFYRQEVTANVERQGYRTHSTISVGANLTHATHLSPVTLGLVMDSVGLMERSIDLTSDEAASSGM,213,,
Generated_Protein_185,MAKVSGRVYPGDSKMFMHLVTNLKKCIREKIEHKMLTTIASANHISSMLKIKHSTDETVLISTASSDVAMFSKTIGRKIIGYCGNSEYCGLCVLNPVIINTVEDEMDIGKIVTIGMDFCRMKITMAKAMAEIGLKHAMLKRAGLPRKTELRMSFEGHVMTDYIVEDTISLAEEHRMRMLEHFKNRSSVTEVAGEKMLGEKVLCYETHR,208,,
Generated_Protein_186,MARDLLDATVRLALRARAVDDGIDRIEDFSLEAQVFSSAEEITRIIELGRLELDEADEVLRFQLGLLSEPDAALAEEVEAFVFLLEADDGLISGEFVELERELELHPLITIPEAQREEQQQELIRETPDRIQWQLVNVLSKIHLD,145,,
Generated_Protein_187,MSASVGTRPRPGASGLRGSSRGRWAPRGRALGEGRCVLCSRGGRLLLLVCSLCVLLALSVASALAAASVFAATSAVTASVPPGASSGGAVAVALGLVAVLLLGAAAWLCSLVATGYFAAIALYQKVGDVALVFVWTVLAALPALGAVVVFSSIVWPALTLLGFASLILYFASLISALILYFLLYTFGLHVWPEGEILHPAAWQEVREAKEK,211,,
Generated_Protein_188,MINLNNLKLILLLVPGEASPAPPISYMAEYTWWNICFGQILLTLVFFLMTSSNILQATGMTIVAVVLTMLAFRDIGLAQWAIRDLTGIPHAIETVPEYGTPYTLLTLSDVPALALLIGGVFYTSSFVIHIRHQTNPLFAMGFFGFPLALYAASVAIQNH,159,,
Generated_Protein_189,MNIRLIILSAVGGGSMGSAVLSGSTAAAEVSRLLLDGISEAEGELREAVFLDQAGDAGLDRIAEAAAVVFDPVIVVAGADAVIDASNGLTKVGLIDLPVTALEIDFTRLEIKAAQSQQQAIRGAKAVSEIVRGIISGGVGTPLLNVSSVYGIIARGVPSVRDVPSEVFTMG,171,,
Generated_Protein_190,MSSSITSSIGKIKAVTVVFSAGYAGRMGRMVLQEADPVALVELDGLGFAEVAVGDPSVFSEGLDFNFSEALAEIQLAFFNPAGLLLGKNGTTIIVGGSAIDTVVTLQTKSFAQNPKQFTLSICREQMAELGVNIVAAFAVGLRDEEVGEFSACHRLGIEELGEIAAHDKADFDGSMKIETQCGEVVFARSMQVNPSTTAVLGQVG,205,,
Generated_Protein_191,MKIVIGVLFISMITALSISVAIGVGIDGMLVALDRGFDLIERTLAALVFVAGRPARTGVTVPGLLVAVSGGLVSGALVGLLVSLASLDDILVMFIQNYTKLPAALGQRRILDEPKARSVPLAAVAVLGVAIILFMVLLHQA,141,,
Generated_Protein_192,MSLSTLQDFARIAIADTSLQRDYPVWFEAGGIVTPVRDFTLGDQIVLGGAAALLVAIADGKPDNGVLVRNGFALGEGFAADALRPVLVSLIRPHGKADEAIVGWRVSDLARGAAAGVVLLATAQRLPARDLIAAELPEAHAAITLGGIRGGLRGQLEIVLTQLPLSD,167,,
Generated_Protein_193,MSTLLLLAVLRQKPVRLSLLSTPPDYPASTSVPVWTSSALAAAGKSAMIFYFLVVAGIVTGMVVASLLQNCDTAEQALLLAAKKLPEADVDRLIIIERGAVDGIAKSLILKNGVTGKSERVEQGLFAIDVVKRGFADAIDFGVAATMQRAAIIAAAANLLFDLFYYYYEESLHRAE,176,,
Generated_Protein_194,MANNTTTHHHKIDFSRQPYAHHQNVWPFVLTLAFLVAILALTLFVLLLTIVLTNLDAISILLDDGLDEKFSKRKRALLLIDLTGEAHAFFNLIIAHNIRAREKILYTFLREVIFFTNTPLDQDETVIKKYSWKELQELRQAMYKIFLGVGSFAKEYSYWCFALDHRHIPVIILKAFGISTCGLSYP,186,,
Generated_Protein_195,MNLLTMKMRPLMMLMIAVLAVVSSASSSTSLSPVSTRPEAPAEATTTGWTALDSPRQTSPALGELRTGKGWEQGKWQKITRNQPRPLWLWQAGMIGKQPMRDPMRMRPMIALSLFLVASFAGALLALAGLYFEGANIAGAAILEQQMAHKRSLLPQQILAAAAVDVRQGIILSELAG,177,,
Generated_Protein_196,MAGKLLFKGIVTKDWSIEKKKKKIAENNKVLVSKNQSALEMQEKIKISNLKLNKAVSKALVGTPYKKNLDKLKFLIDLFEAKVNKKALNLKFVKENPVKKVKVSVKNTVAVILLKNNNQGLIFYKYNQSNKLAVN,135,,
Generated_Protein_197,MTHLALALLGGITGLLVGAVAAVSVSSAVSGYGKPAAERHPLEAGHLRLEHAEVAVSVVEAEEAALLARLERGDLLSLLADGLLTVREPVTEETTARGLEAAGLGEILRLRRHIRAAGLPGGEARLGMILTALLTVRTPVTPLTTHIAAIA,151,,
Generated_Protein_198,MALKQKLLLAIFAIAGLVSSGFLAFFIALLSQQGAQHGDEAEPIIAEKIEFYRGRQGIAKLETDEVYDLKGRILKARELAFADPDIFLLLGEADLRIYKGQGQSKYTVQHIITDGARLRYFAKGYGYRDYFQGQHANQIRLAYVIAGL,148,,
Generated_Protein_199,MSLGNTIFGDIDFILAKKGVGKSTVPEDGLIWGEELERAERAREIGDRAEFELVFTPGDLRAADKGGEDFIIFLLSPRGILLLAAVFDKRSLLGGLGVTVGQSLAILGLIDAVDMDSLKRGIIDARLE,128,,
Generated_Protein_200,MTTTPIIRAVIVLAGLIALLLALLALPAPDASASPGDAPATSGATITGTIPGTAGDDVTLQQATPVAQAIGKLAGDTLIGIDTLDDVFATLLLRHDTAGKRILLGKLVAFICDFFICIVALISVVIIIPALGNRPTLSIWIAAILAITLVLLIAHGAFAAITV,163,,
Generated_Protein_201,MNFLQNAKPLFFGDFITKESRSQIAAERQAERQRGIQIQSQGKQCEQILNGKVNTGATLLNRLSNNGRYRFEADMRVGIEGKARTIFPMDEAATLGFCGIEMSVCMSAKNVTMAELPVIAEG,122,,
Generated_Protein_202,MKTSGSIGSIGQLLFRMVVNDPADFGTNLNCVFLLGAIRQAQVGRRHGVLDSYTLASSLVKNAVFIGVATDRSLGLSVKQLDPGSAGAACALSVKNIIPFYDLQVHRPQVADCRQSVFLSAGTVRDIAGIASLADILTAAKNRVELGILGVSRYETYGIVDIIPGFTVKAGDIVRAARDETQTMVYGDCVTVNRG,195,,
Generated_Protein_203,MSRSSASRLVVSALFLVTVFFAAVLIFLALPVALGSVAAADAAQPPRPPSTVTSSAATSAPAPGPSRAPNAVSDSTPAAVRSVRNTADVSRNRRGVDDASVTDINNATRGTGTVSNRRNNADYATSGIGGGDGADEYIVNGNYVVDATRNGDADAYNAGDGIDVDGVSSAASIGFVYNYYIYYTYVVSGD,190,,
Generated_Protein_204,MSQPKTQKSLSKSSTLPQLPSSTAPAPLAEGTKPQAPSEGKAALLAEAKGSVAEALLLEGFGIDPGKTPGLGKTFGEEAVVGDIGTGKPEEEVKVGGKIGIIVNLSVQGDLKITIQAQNQAGIIVFGYRKEMETHRLDTMNYSFNVDFS,149,,
Generated_Protein_205,MAAGESSGEEAKPAPAALPRLRADVQLRKLDRVDRRAVKLRDALKVLLEAGKGVLAGKAVGKPLGDTLQGAQEIAVEVALADYDAVELATHHRLAAMADADMQAQAVEEKIVTDERSGELVMPLLQHRPDVGKYPSLTQAKALKYLPFDDDKTMGGLQHWITQNMGKLSYFASPGSPSV,179,,
Generated_Protein_206,MAGAAAEQSENQGAIVQLAAAPDGNTSVETPAEGTEGTVQQHGAEEQHSEGAGGTAVKRSSKAAIAAGDSKGAGSGGGEGCSGPPCAVAPPQQSVGNAGKKIEQCMKHICVEKQHVKHVENNGASIRSKKIEETCSKTLINDLMEDAR,148,,
Generated_Protein_207,MSSKIKNNKTFSLIYKTPEVKPYLILDINKNDDYVEKEEYVEIRINNKYRDLRSVILGDVCMSCIDTPGCYNKIIQHRCFFMNGKYVFDEDDGHCICIKP,100,,
Generated_Protein_208,MAGEELAEVSRLAGAERVKKARAKALGEEEEVAAARVAVRGSLAVQRGKLAGRPRRVLARPGRELERRREEKKRERKKVLQKRVAQAAEKIKEIREKRIEEAEQAKLAEQAKALEMNGTDVAMTVVVGD,129,,
Generated_Protein_209,MGVVTVGNYDRVALKQSPEGIYVYVDPGHGVPCVFTGDVFNRSADPCFVECDGSVFAANYANILTVGKRGLASVVVGDTLVASLAVAVNKNKKYFDDDVELPERVMRFFTQKVETYTVLLKNRCDVGLIRCGGMTARARSMAITGIRSMPIAKTVETLGLTYTGVKYDEPLVEFFFSSERANGEITLTPWEFMACVQFKRVAGGETHRES,210,,
Generated_Protein_210,MLSTKTHPLLLKINESFSFVDLINAFYINQVADLGWNLRDLRNSLHIYLVSPQYLHICNSEVEIFSLLRGRIKTYFGLKTFLTNVIPVSNFIYLKLHWDNLRYLGISGVIASMFIGLLTVMATAIYVETREGYILPLKGVLVFPTGPFEWHPYHSIKGSASIILLVLVLFVSQTLLAHEHENFSGDLWYYRALLLSNIFR,200,,
Generated_Protein_211,MKIRPAILDRKTHPLIFPKRPEAALMFDEKVLMYSERTPEAIFKDTPTMYGYAITMFGKDAATTMSAATVCPELGCRFATGATVRFIGKLPEVDLGGARDLMRKLMSVHPGAEIFADVRQALYSANK,127,,
Generated_Protein_212,MAGNLRKSHPTIKSCAFIKDRTPPQGDFTPSNISANEGDVNEAGNFGSLFNYHIKRGDMYHACRGLRDVETLWNSANIHHYGACSMGLCIAAAVGYQAWNIDVMGGAAAVLEKQMDKRELGGCRNPLAFEKQMGPFCAVILFQANLTTF,149,,
Generated_Protein_213,MSINKNPLNDLFLFAFIQKNSPTNLNADTQSALLIENLDRNNLIDQIQISPPDTNRLDNLAQSALITLEKRLIAQANINLGIGAIDFTDALIQPVTGKIIFFPLINLALARSPRIGPNATLDLEALEA,128,,
Generated_Protein_214,MNRDLLTLKNGLFLSSVVGLFTQPAPSVWMRRKIRYTGGRFLGETLCLCSLSLLHILLDLASPLFAQPLALFFFSGETPRTPRPQGQLGTLPAPQALTQPQQGILVGSLSPILAGFFVSNAVLI,124,,
Generated_Protein_215,MQLKKVAYALIKQKKIFIGPWEDEEGKLALKEGQVVRISRIGQDVVLPDKVLVLGNLAEAQLPDLLFALKKVIAVEGEVVRYSFGEGPELLLRLLPVTKSKKYFQELIQWPGFAQGVEGKALKVVLEVHQHEFDLAISLNYNVDFSHDRDWYALSGQNVFRI,162,,
Generated_Protein_216,MKKVIGAVLGYTGTGEVRHPAVTAHAPPPTLLALLELDAPHPEVAELKLKPDDLKPAAPVVALDEALRELTRLVTLEATLHELDNEAAIVEALRIHPLTLAAAAAEELAGGVRIATGIPATHRLSRLSR,129,,
Generated_Protein_217,MESEKVFQVRLSERSLMVAEAEDSVQLCPSMAEFDAVQLGASTLLGPEQGCAVVSLQCPSICSGSMQAQGMQATMDFYCAAAKANKDLNNNCINHQSLLDTLTSSLEAAGMIASVSRFLAEDPKDVCSLKTDLGGLAEQSKRVEKMIEQTAGFDVAALEKMIDLENKRRTMPKLQSNHPELYEGC,185,,
Generated_Protein_218,MAGVERSGILLEEKIEALLDEELIASSLLQIIPRDSEIRIRVRKPGIPKAIDIFVTDSGNFPKDIFEVEVIIVLNPGSGISGISGYTSVTTGKSGSYTVYSVTVDLPSAFSEVAAVIYKKPSVIIISNLLHAIEEDPGIELFLTAIRERH,150,,
Generated_Protein_219,MINNLSKSLSLIILSIVLPSGLSSGLASSSPAQPVEELDDCFNLKTIDKISNTLQTLDQFSKQIIFGNGNSDCVFNNLVIETNPAISVSTKTVYNDPGSLLKYGTSSLKVYQNLQVIDLLDSHSVVPAKTLKYFTGLSDLSIIEPEILHGGNYRF,155,,
Generated_Protein_220,MSELTFSDQPPYMTFLGDWIRSRSTLPTLTLMRAHFSVSPFSDAGWISTLLFNEPEPFPLLGDTLFNISLYTISDFPDLTVHVSRRSMRSEDMIFLGCNAMRRTICRQGLCFIDCSGSDTAHMISDMGLQNSMMGLQASMYFVGSPSMIHVMHAMQKGLGLQAWRYYFVDEGMNGCFVLHQPTFVDLGVQQREEFVLFIMGLVSW,205,,
Generated_Protein_221,MIIKIGPGSLFRLINQINRSILNENLNLAKPLTVSPPEEIYSAEKGEKVDISILCEEAKIILSNGTVILASINYCDTRYDTASWRELSIKAGLAQYFLVEKPMGQMYQTVDIEGLGIIPHAETEFEAFIVEGDCLTVELSIAETANKRDLVVVNTLERTANPYKLPIRRLSEALHPLEDMTR,182,,
Generated_Protein_222,MTLITGLTVTLIIASGTGNLLATKQGHTLMIILSGMIDEIDLVATLNRKNTLIERHTTTIEILLGNDKADKAIDEKITGLVGVIGSKATIVMEAFTKHSMNQMVMPTIPVTVMTYTFSIPLISLVVALIGLITYYNKKKKQPELLVM,147,,
Generated_Protein_223,MTYPLQLQLSTPITNPWMEERFMTAGRASVPMELKKAGALTQPASYMEATVTGQTLGLASEYALTTDSVTLTLYSEAVKEQAFRYLTNRPVEGYMELVGQALTTDVVGSTIGMQFMSTFRDLPTISELYWAVKDGGMQLYRKGIDQSPELELLHVRFMSNEGTFYIKLPEKLFRPITTGMSDLFLKDDE,189,,
Generated_Protein_224,MDKILIRDIETFRARDDAIREDIAALERVRLPVDGEARIRFAEVADVLDEKIDDDEIVMDDMYADGLAGDLDWYVDGIINKLARTGCFYFERLDEGDGRFAAARKNKFITALTMPVPMMLAKLDVDVLAELGRAKA,136,,
Generated_Protein_225,MTDNNNLLTALQAEPLALFNDLPLRDFDMDPALLDELVLAVFNATPPDVFADVVARALAARTIDLNLLGTNVENDDEALGFYRSDMGEFAGIDAARFIIIIGQHTSVPGNFNGNSPCIVRHSMKFGCASVPVEVSVGAIAVAKRTVAELNPAEEERMQFLPAEQANYYTRGASRVIHCCCLPIDLTLLKVRAGGLSMPLDHSVKFVDSRPTP,212,,
Generated_Protein_226,MKQVKLIKPIAGNLLAGGLSKELKSKITIPTNIDEALLKMEQDMLRKAEAFDVIEKVKEAIPNGYVNVNKMVDLFGAVIKKMNGIDVSTILQLVAKNDLFGARNRYLLPVVGLPGKFVEDLIMVEFNVEQQLEQLYNRYLDYMSELPNIKVEARQKQEIDAKEETKTQVVKLKIVGGASYN,181,,
Generated_Protein_227,MANLRKTHPLMKMLQLANDALIDSITIAFYTPSNISSTWWWNFGSVCLLGLIQIILTGLFLAMHYTSNITAFGYKFPQIADICRNSAHIYGWLIHGASGVCLFFIYVHIGRGMYGSETWNQMGVIILTLFTMATAFVGYVLPWGQMSFWGATVIDNCDLVEGFATRFGFAALHFLPFITFIAAGLAGQWGFIT,193,,
Generated_Protein_228,MTAEKLLGDETIVAVDDTAVSTVTYLDEIGDQRWVTLVLGDTLLIGGVNQVLAMNWLEGGENTLDMTVVKTEAIDIKLRDLIGGIARAATMLEARAAAQRARYLQEQHAELEHADIDMEKEVAKLSQLRQHYPLQAQQMTADAAERFHAALPQNVIVLLALSLKQIGLAENSI,173,,
Generated_Protein_229,MSEDTAPITTAPLFPTAPLITAPSVGDNITWISAVQHHMIYCLGLIMTGLSCLFTWLVHQMLTFLATGFLKKVDTVEVAIVATWIRNLVSLHGASLCRWIQNLFFFFYPTGMEIIGLCIHLPLLVGLANSGLIIYDTLKMTWDPYFLRKGG,151,,
Generated_Protein_230,MASKTLRIRSKIAFTVVTSVVLAVVTTFLLASVDGEHFPRLAISLLVVLLAISAALVRRIFLVNVALSAVINIRGLDDEISRIDEKADIFLINLFYQIRETPEKATKITGICYFWVFYTWAREGLVVPSSGSNVVVLGAAITGCVVHLCSINTRLIVLPYRKRAKQIVLLVAPVKGILLPAFLNTLLSSSSSTVLAVHPELIWDDRLPFTTLLLLILLLA,220,,
Generated_Protein_231,MKIRCRYLVLAIGDSFKKNITHGPLGWNCEILSEQSALEIQSALEKALKRKILGADAYKTCDVLGSGYKETLLENILSDAFKRVLLGDELINGEMIMGTCDLSMGERVKLGCYLGAATRAAMGAIEQAIEQGQRVRLMITRDEMVETLKTVGQQLGIGGRILANKQLFCHIETSPIAVKL,180,,
Generated_Protein_232,MSTALTAITTRKTIKIVGETIASPTVAGVDTFTRPSAGCGQLCQLVLIVDQSDRVTGVLTICNHDSLVELGGFDNSLAVRTAIVDVTPDIDFASVKNGYSIGNIVFNTVRDIEAAKTMGVVGLGGSILAVTIMMRDIALGFMPQVGAGETAIVTVFDHHQRDVDYQKPELLA,172,,
Generated_Protein_233,MKLFLLLLLSAVAVLSLSLESGTPEAAARSGDTTSPEDPPSDIVDADDDEEDESAGAEISEIFFPDGKGGSGAFCSAFFCAAAAALTLSPGLSGILALSGVTRITLINALTITRRPRKGQENKARRIRERKQKQKVQAPMTLDA,144,,
Generated_Protein_234,MSKENRDVRRKKIKSKVAENKAKREVSVKESVSKKKEEKIEEANEQEEQQEKVREQDEKEAERNEKKEKIEQDAERERNKNEKRRKAEVIIIEEVDSSRENEAEVEVDEEVKVIVKKKAVEQQGTRNLVEDY,132,,
Generated_Protein_235,MGSIASVASTVLTTFALLTGATTPGKAEIGKDETLQGLETTIVTSTSGTGTGVVTAGRTEAGLTGRALGLMPGMAVTTTEVVRNMAIGTESAAAAVTFRPPEADAVAGMKAITGVVNYYTEEAIVSKGITMK,132,,
Generated_Protein_236,MASSLVLLKIPTNRVDQVKEIRQLLINPDIEILNADDMVTIVEAETKGIGEIVVDMRIGQPVISLPYRVELTVVVGLRKPDEGEKVLNLEVIRGKAPRYEISGITGVATPGYEQQIVDKRVSVIGMLQFNAKQVTGEVTPDIVDEKGRALVDGDGVLVTVALSSIKNRARQRRRLKAFEENPEFRISYNDRQHLELRLQMKYRD,204,,
Generated_Protein_237,MPQFKNDKTIFILVLFTRSILGLLLVFQMLIGYTKTSSTPIEVKTDQDSLITCDDTISTITRKSDITGQIVNSVQQPIILGYQNSLFRNKMKQNFSHILKMGVIKTFPKNNQPLLQQAICCIEAEALRGCEAPSSHLFRKPYDKQEAPKWHPLLFIQQILDIIMKTWNSSGKQ,173,,
Generated_Protein_238,MAIDNELVKKRNAKQTILIQLEAYIEDIDNAGKIDNLNINASEYGTSKLELEIDDLYIEIDPEFEEAKEGTIIILAKKYKLYKEDGGATRYRLEITKIINGFGDAYRRRPVIMEEMEIIISNKSLIGGGAATYRGIGALSLPITKEEPEGTLFQPTPEAIGSEDR,165,,
Generated_Protein_239,MSTFRKFIVTPLGEQDPITPISFTFKEDLSLLEQDQTITVKFPIAGDISSELSISFSIVLFLDSKKTDEGTRLDEEITVCKIRSGHQEITDALIRYISDKGNKIDATVCLEQVGQAMTVGFYWNGLMSEISFQEISKLDYLEISELETVTIDLDVLTVGNAFIDIVGH,168,,
Generated_Protein_240,MTQKIGIIVDVNSNPEGVYNIGLIGIGELDVEGEFKLVANGKVIDFLAINHLDVNKANAAAIIINKDNDGCVDILAINPLLIADYKQVAIEGNAKGIFRDGCGVGTYDVPFVDIASLQVPFTAIIGGFDFAVREINAIQGIVHRGRSGALQLEILPFNIAIKYGKPACDIAH,172,,
Generated_Protein_241,MAEEALVKRVRIGALLSTPGASSALVVVAIVLVVVALAVYFITNGPAEDLDNPEEEIKRLLLKNALARLELAERKKRDGEADLARGKLIDYIGAGNYRNLAADADGEEKYRINYKKKAIPAYQKEGYTQVSLGLGLAGMASKDVSPGIAATPPSLDEEIMAFRQAN,166,,
Generated_Protein_242,MALLKVTAVLVIGATILAGGSTLGSAEARGEQAALDELQRGGQVIEQVVGGCNSVENALACGCRLLAAVATDGSVCSCSGIGLTDQIDINGITSAAIYFTTQVQAQMEKRLARRERNGPALFDEVPLLGVDGITPALAVMTGLDAERGKLDINYERIVNGFCPA,164,,
Generated_Protein_243,MTAKVFGLGNDFMPERHSHIGLSSGIDLLSEHAEQLIFDRREAAEVILGVGENPVIVTAGTSNTAALSKALAGLLGIALDNHFSSTDREQSGEAIEVLVIGLDRKSTAIAGMYTPGATTRMIAVGA,126,,
Generated_Protein_244,MSATNKTNLKSHPLFLINKLSTIDLPTPNISSTWWNFGSLLGICLVITQMTGLFLAMHYTANSDTLATRDASSKVALATFFSVAIPNVPESWFWTRHATYNGIILHAIAIYVRNSGLFVATQTNSALLHLAIYEVANKFFIPESLGIYYHHRDVLLLPWLLNDPFTKDVKALMTPNQITILREHWYGNDFIPILVTAPSVAAIPYA,206,,
Generated_Protein_245,MVAVGSGEIREVKTAPASVTPPAADTVWEGQAPAAAAVQQPRHLLAAEKGALVRVAEAEVIEKGVIAVGVLTHHHGLTVAYGDAAGAGVLVSTPPPVVVSLTYTVGEGAGVPAVLAAVTLLSLTRIVAVDVQAPAEQQAIQLGKIRYFCAEAQAPGIDVSVEKICHYNPIISGDLYDLFTFLLYALAPAKTSQYEIKASLLLI,203,,
Generated_Protein_246,MSNSTRVEEPKVLEGAELLGLLPPKADGAVELERVLGVVDLGKGLVELEAEVVKGNGFENGGGEVTPTGVCGLGFGKTGVTTTVEGCISAVRRGHIGEVITSNENPFNAEGLVFNAEENALEEAIRILVKGEVTGLLEKVIVPLGFCTHSGVVPKSDEIYRGNPALAGIVIKYDLNGELSAVTHGKAGEILEKEVPFHHHGT,202,,
Generated_Protein_247,MNLEAKKTFFGDVAVKWDAEGELVAISNKTIATIADALAAEETIALNPEAITPVEAGVGTTEVGLNVEFVEKGGFGKVIVFYRNQKDEEIVANGLKWNGLYIDGPMSDTVESRLLAHGKDEFSYIAEEPWTQ,132,,
Generated_Protein_248,MNSTVVTVVTPMVIESTPDDGADRLTVWVASGRSLGELGVKSTTASEAIVASTDEVDSLALLSLRRLDNLAEAVTVAALGDSRRLLSDALEPADVLLLNPDNLYAQRPEAISVADAGQITVAISGAI,127,,
Generated_Protein_249,MTYIKTRKAYPYIRKMTFGSSHPIRKAMLTFRDLMTPLMTRKLRATPVDLMMLRPETLMSPAAGRYRYAISATPYAILAIREATSAGAAKAILAGDLLTDTLAFAPFAAESDAKATPFVTVSDEIFSSKALGYAATARDKLLPEAAIVREVGFSKSFNKGLRVILAGARGL,171,,
Generated_Protein_250,MPQNLFFQLIDFGKNPIGSGKHLNFLIGFILIGFTLMIAFVTKRNGLPSGFDFDPLLPALDRPSLASLDRISGWVEHLGQLALVPSALLLILLAPHFFIGIPTSLANFFVLIDVANKILRHPSIPAQMLDVNILGTGRLTGTIGKQTILFGNPAFLIAFLATLTLQLLVFSIILIPALAMIAVHLIGFTLLVLAYIGNMLSHFTFVKEHKPAG,213,,
Generated_Protein_251,MTALLLLTLALCFVSLQAERSPDEPDDMAGSLVAAAGAGLLPVLVNQVDSLDGSSDMETRVLVAVVLADMGTNPEDAVVLRGVVKNPELQYDEINNGLLTMARDCDDINMYRSEMKWDSKYREIINKQHFTPSPAITGVTLLEKVVAFMRFNDAWSGQECLKA,163,,
Generated_Protein_252,MSLKFRVTALLVFLVFILTAISASLESLGDSGPEEEEKSAKRGQDVEKTRLRGAQPDAVEDAKQDDVQLGEEEKEGNGDELQKVALQGRGAGQGRVRGQARGKGATAGAGQGAIAVALKNLLLKPKEDEEVVK,133,,
Generated_Protein_253,MSQETKVTILIKKEIIDSKLPSILEIKLDLGANDEKDGEKLTVDLKEKTAIEDQILVKDNDGQEALDSAALDGAIVEKTGDTVDVITEGPPQLVYIGGKVDTPDEIVNKSGKLFDSKNRNEEQSGDRAEGDGEYLNMFSQAITIPSK,147,,
Generated_Protein_254,MAGEDESRGSGASRGRPQRGSRRGAASRRSKSKAKKRTRRRRESRTQEEKSKEKNTTTSQKIEEENKRNKIRATENRTQRKKIANQKLRKKKNNNTDAAAEVEQATKRETTTQPTTEVKRMQMELMIRAGNANQEVIGLTKVLG,144,,
Generated_Protein_255,MIDTRILSVASGSASGRAVGARLATAAVELADLALTAEALRDRELADEMRVVTPATALSLAAVVVTGARYGEGMIVNPYFTTGISTSLYDIDAMLKYMVTPSYLSNPSIEVKVMQIELCGLSRVIAMHTGCLSAAVKYDVPEML,144,,
Generated_Protein_256,MKSIKKNSSLIIISNSSFITTSILVILAVFLTPIIALEGLDSPQSIPTATPQAAPSKNFSPYEGSTSLGTTCSLITKKCRIEDTIIYNGDIFFILSGQFEIIIGNSGKVIGYNKVITVTSSKVPPEGHCDEGVLNFTVALQEGEIYDILVIKAPGRVMPLDVLGVADEWTCAAMTGAFLEGQPKQTIN,188,,
Generated_Protein_257,MSEAGDSYALRFFALLLLIAVLAAIIFSSTLTGVGLCSLGLAASSLCQSRERYAAQEERLLASEVRDSGDVAELLELELQQVAVRDSSVMLVEEKKAVERGVFAAEGMEGDAAGLLSLARVFSYVVYSYDVGIVLTYSVTLQLPWGFLYMGVALVGWGMLLAFGFLGIAVIVGYLLL,177,,
Generated_Protein_258,MEKKILGNDSLIKSVVVVQNAYPDFKFSKKIDGSELLLVDFRKLTIVAGENLSKDKALKIVGLGSKFIDQAKVELLGLKIGFGTGCNPLEYEAEALAVGFEYSKKLAKALQGVAELPGELKLELPAFIHIDLTGGVR,137,,
Generated_Protein_259,MITVLADFGIDPSRIAVSFRKDIFTPEAEAELDKALVALLAAGERILAAGGADGRIDARVFLVLHQPTGSGKAGLVGGGFLGALGSTKTLPGMITRRSAVNVYSDSDEYWHEFAIDLDLEAHAKATGIWMAQVRDRYALETKAGMPKRFVGGICTFDDVLPSK,163,,
Generated_Protein_260,MTKKQDIRDYTVKVPSIMRHQIPLIGVDDNAAFERDMVPLLIRNKVVMITKVIGNCEIEKIGIVGNGIVGAVLSTKGFTLDVDGETLSVELKAIVEKQDFKLNGIIIDDIIVPEKQVTIDVEPETKIPLGETLCKVIGNLAGV,143,,
Generated_Protein_261,MADSLATLETSIFSGSKAAASKLIFAGIAAMIVFIGSGITASGMFFAAIAILLVVGALYDSARQKSLDYADIMKARNRVLLVARGVLLTGFTSAIATVFFVLVGYFVFAVAVLLLTYAKKSFSQNHPSEISEIAMSGFDKNLYCDLLANARVVLI,155,,
Generated_Protein_262,MNPIWSKLSTWTKPKKLSLSAPSLSATRTPLSLPPPPSAAEAIPLWNDLPATLLAIPPLPPLRIQPLTPWPPISARDDWDTRDATTRLIMEIPLIPINLGEISRIGDMIINLKDAIPGLGLNRDMHLRIGAMTLLCKFNALLCCLLINSAGQFHLGWTAIHRNRHISGEGGLAALAIIA,179,,
Generated_Protein_263,MKNLSLLFDKQDFTIKPSSIILKGDKLLLKKLSSFSVVNDGISKISLIDADSIAETKISSLVTINSFSGQKLFAVAPKFIFGSFIILVSVLLNGNEAIEITLLQIDTRETGFPEVGFGSKIILGTAIVFGNMTAWVGFANQLLVMPKDQIG,151,,
Generated_Protein_264,MKSLALILLVGFLTLPVSLLQAALGPVADGEVDNPDQEPEVLVSSLLREKVVPEDVDPPAEEDVDKLRVKDDQLSVQYNPQLVVQADDDKVKLQVRPGQVNFQKYTPPGNGLPPSAVVLYYVYQPRTSS,129,,
Generated_Protein_265,MAQTQTTQKIIKISHISHTIHLDEQVSFETKIVKLKLTIDGYGNVLEGIPIVAGYDTLLNVEKRIYTLEANIIVPTGEQVGAGSTGMSACHFINRDAVLLDAGLSDRDFVSVATGAIGFSLSLVPYDRAVPTTLLSVHQMIDEEKNLPLREIYKYGTFRPQTLCLVDVEVKHAIEA,176,,
Generated_Protein_266,MNQQLTNLQLPIEQIISIISLPNSTVIPYIEDYLNNISYIENENTTYISPYILKPDYVSYVTNEQLGILTETLLQDSIPFFYVRLTKLSVVNHVVGWDGTVGKRVIGKVLRSTRPEAYRFQGQNHFLPWETTDIAVVLAPFLAMLSIIRLGNHPEGRAFILSSLVQDQGINMNFMGFEVYYWLPILKSGP,190,,
Generated_Protein_267,MKLLTILILLVTIAAVSGTLDTSGPTTGQTALGESSLSGRPAPSGVEAGALRLSLLGASSLRPSDEGEADAVSASRELAFSVSDRLALRYAEDREVLAQHAAQRFAAEQALGLRHLAAKGITPLYDPGNTLV,132,,
Generated_Protein_268,MKQTLIAVGAFDPITNGAGTLDEIYRANWHFDIVLSNSRYSRESSKNFLLVADNSSRLKKLVFDQHLHPLKDSEVLKLGALSDAMKLNVGAVTYPWEDFKVMTTLKLPNALKSDYLKNLSFIPDAK,126,,
Generated_Protein_269,MKKSSTLEKQQLLSLEDLEAILNEDSVSVTIESNELLDELSNMLVSNEENSSTVISLISSLGSLINLPWDDINLNLNTNLLKLKKKTSRIVGSLPTISFYISISFNNFPNLAVGTSSSGWDGNDNLISSSVRNVGKFFVCNQKYNKLSTATRMGALPKVFRMHGVGALYQPAELKTTVGLKMGFPAMYN,189,,
Generated_Protein_270,MSEDETPRLGRRRLLADADLERLEAVAAEQDVDVEGDELDLDGSALREVEAEAVVARRSDELRRRGEDDVAGSLTVLRRREEAAALLDEEDAEGLQLGLEDEARVARIEQGASAVEEDLED,121,,
Generated_Protein_271,MNISLNTVNIVTFLFTVFISLIFLLAIIVVYASFFFFGRNSRYKLETTLSIPTELVLVPLQTLSITFYFYKIVNEVLVLVMVFMIFGWLSVMLTMILIISLYKLLTINQQDGWVMMSEFSSRKIPRSSIVM,131,,
Generated_Protein_272,MATLICLKLRIDRIFFLPSITDIDAKMLNAYPTFYESILLLDLTIGTILATGKITDSLRQTLTRILGYFNKIGQSIISNFGYLTTWRDIICRSLCKNQHFLLHRYFGNDIDTGQGYLIDKTMSETRYLMPEATFILLGQKNAICALGSLGITVIVLAAMALFDKNYYHRDILSPNASEIIVLLSEEAKHRTWSYRGTKDMIQCTWATRQGFFGCDF,216,,
Generated_Protein_273,MTEKTLAKPAAVAVYGTGLFGYVYGFALLLAVLAVAFLGFGTATAYSAMVAAEQSTAETAGSLKERSDGDDDDDGFYFEYNADGLTEEKLVEEMKKGDITVKMPEEERAGEGKAIQNLQMPEFRGASYMNRFPSHPGIKGACKPYKSLQY,150,,
Generated_Protein_274,MIKTHFTFGLGDWDSLILDFHVVAAGVLIIAALFNSLVIVMIAFYMKRNDELPAGRLGLGRVTITGDQLMGETLRQDGWLIETAKEPLAGVFMPSTHALMHHDVVITALSMTIAGIIICGWVGELSPLVHEGIALYTKDVG,141,,
Generated_Protein_275,MAKKKKNSSKLSIKSTLKQKPEEDLIISSPEGSSVSKCISSTPDEGEIKKVLSLEKPKPFEGLCKKEKCERKLYLVVNTDRFSGCPKIEKKIEKVEKGINSSLAGGFKMDYNSVIKSDIISDATVGQCSVDLEDFEAVEKRTGFVPKMVENLEMPFTTARIGSLASLTIGVG,172,,
Generated_Protein_276,MNKEVTEEEATKIKVSGDYEEAKLAEISVEAKEMEVELARLAENLTVKLNDADSKVAELTKKEGTIIAILADTTAKKAIVGGGMNFGLCVLLDNKKMTDFVEMISSAAEMKFAVEDYEEIARKIKGITMPQWNSIGVDSIIDGTAAAVGVILESVGRSKNTICFPAHSSFILKDAVVYG,179,,
Generated_Protein_277,MNRNRNSFRSRSRRSKKSLLIALFLGLGAVLIGLALLAALILSAFATLLGFLAVAQALSQQGEQLALETVLHRLQLRAEDGEFGVTAFDIVPRGVPDPDGLVVTFFVVGKRRLYPSGEALRAFGKMLVLQHVFSLLNPAQRAGQVGSIAMIVTDNFFDDCYDNNGKRHVLYCLEAKRASSM,181,,
Generated_Protein_278,MAKNEENIFVSRLGVNDISLAKKRIEKLEEQKAVARLAKKELGDERLLELRINEDNAINEEVSLENFKAIKFVLTESEKKIRDVGDLIQAVLGSLLSGRGLRSFVNQSVLLSVNQTYSRIKTTDILNKYDEKVLNEFKYENYNADPY,147,,
Generated_Protein_279,MKLLFFTLVSLVLLLLFFASILGYTQESPENLPEEKTIQSQPGETIFYGKEKSRIINLSDGITKENRIYKPFKERVAATRGRVCGPLNGYYSFKHRGQYCTERDIFGPGAASVAITLSDKDNLMCIQIEKDSALN,135,,
Generated_Protein_280,MSIVAILQGLDTNVVGAGHASTLDLDRIVFPEAGVIQRSHTAIAEKRVAVAQRLLGQADKAGVFAVEHPGELVGVVAAAFLLASNLCAGLLLSLASQRAIPGMIEQQARHFGQLVDILRQGIRANIR,127,,
Generated_Protein_281,MARLLGLVGAGVLVVLGVLATSAERRGERRPGELDERGAFGETALEPELGVARLDAGGELRDVAGDLLGALTGDAFALDENDRLDLRTGEQHLAFDRRRDFVFNDGNALAVTDAKPERRDADGVGLARHGLAVGAFGGARR,141,,
Generated_Protein_282,MAGLSTGEIRRKKLLEGFTIVVLASATLIAALLGVTLGGAFTLETNVNAEDLGEDNVLNTDEEAFNLEGVEILLNLEDNPNLELVEEEGTILLNDINKKILTRVKLEALGKIEGLSFGDITDGEKRIILSNHFTSKGFCVTGGGSFFSGGSSCYCGGVFGLVTGIPGF,168,,
Generated_Protein_283,MEQKTFVLVDNKIVLGAGREGKSVYAYEVLTKQEAGVELVVKLIVKTDDGIAYKDIIVVFVGHEFSNALAFVARDFGVPTLASVGVIRDAATIRPTGLRDVKEAKIVVIQLGIRQCNFGM,120,,
Generated_Protein_284,MKIGIYTDSLVVGSVGRASRKEISLSLAERLVERQAKHARLSSPLDEVVLDLSSASKPSKLKEVLVLKKPLAAVFKAVMAGQAKYTITVGAGFGDLKTPTLEICAAQGAINVPDYKPVSYRSGVVIHPEECWCQKMRDSGYAFCNYTIHSNRAQAFDTFLQMKRWELQL,169,,
Generated_Protein_285,MKQTVLGHGVGILFGNSRELGVGVSAVLLALRLLGKTVDGKEARGIVLSSLEVSLDELLRERIDLLERASELTGIEIFTPAEAVAEARASVLASIHESVGGARVHGFFCSSGIIIGFNALATTLLCNSGIFRSVFSILTAVGLCMFGIFGLYQ,153,,
Generated_Protein_286,MASGTIIGIGVKVFGKTDGIVFVEKPSFVKGVADIFTRVVERIEVFSGVVKAAAKGRVGLGTDVVSGSDKPFDAVVFVISNGTLSGKSLAVFSKAVAAYDPLKVEAIIKVKHGIFNVIDVAPYNVLAPFKVKKREVTRKLLAYNKRLEAKIEIFAKHELNYVKVETYRQHRDSIPLIGGDSSSITLAFAGVARAYEIVNASGDYMAGMRSIDISKEMSRA,220,,
Generated_Protein_287,MTTRPLTVLAAIGGYSGLTGKLLAVLSGAVSQAVAESSPDGPALARIRLRAARPGQRRPVFGVADARLVLVEPPDALALRFSLRGFRRGRPDAVVEGVFRWDNGRFRAVSDYALRRYRPLGAGIASAGAGASFAAGAITASAGAAAAAFLSAAAAQLTSDTGQLAELLAVGALGADTAQQAIEGVLGYWYGANRPALPRWYLPGHREQTSLLFSRNALPG,220,,
Generated_Protein_288,MIDINNLVLNGLNGLNMGVDSNIDRSRIDLAERLNGAERLFGISDKSISDLNIDQLRPKNGIFGNLSNPVARFVDKRVDSTQLRGAGIIIINSTPDQNIVRPFFQRDVAGLRGGFLSEKKRFSYGGEKALRFEENIERVVVVVNQSDLLAKRLPLYSSDILEKFRLSQIADDVLLGMS,178,,
Generated_Protein_289,MSSAEGTSLKGVALFALALSLLGAGVAASASGFTSPAFGSLASLVGPGFGLPSLGLGPGPQLRPGEGDAFLDEFDKGTFVGVKKAFAKADGVAFADGKGKIVVEVVFNYTKYEAKVVPDPDVALVGGGRNWALVLANGAFVVYAPGRGIMKVVFAG,156,,
Generated_Protein_290,MSDSLIDEDVRFVLLSDSDEQADELGLNADLNENSDVLELVNGALDSVDDELRGADDDDVEGGSVLENFYGGYNDFSSDLRLGSGCIISTSQSAVLTLDLNEPLRQVLSSENNNVQGQELINENYNNSLQPGVLREQFTPLTEQVGAKITCELNYQLSGVASACGGAGFTCAAR,174,,
Generated_Protein_291,MKQQIRNVSFFGLIAVAGYSFDPKTIKGQNTLILIEADFNRIQKKKVDENFLSNKLKNILLLEENIFEIFKQEENIIRIKSGLLNGANKKKNDYTGSTTIIKLADGFSKRLLLRNAANYDILLAIRANVRPTIGLRDSSVIVDLGAGAAFCIEISSGASYNFYFSRYYYNQNKLEDLLVENLPDSQQLLKIIFDFTPTFSLTIYPRLVE,209,,
Generated_Protein_292,MNIRPIAIGLLKDSITWIPQMLMRGRQQIAGLTRTGILGLAQIEYTSDSHIYTPIPKRDQGWLKQLVCRTILIGGLLAADDLGLGATGLSLASVAKRGLDAFIDEQMQPKIGQMLIYTYTLKPQISLKKGHADAAVIIVINR,142,,
Generated_Protein_293,MSKLEIACGNQLVVTADNATVLDSLGADQGIASTSELSVSTVSVGQLGCKSGLTPLKDQKTLAVTLEALEDFTTQLCKARVLNGFTRHGGQRLVLPKEQGLSMHDIVLYEDADLTAIVTPADELLQLEIRTVMYDWDRFQDIIKKGHSGIPEIMVTGNFTPARHYSKALQCFAKSGAEIWYLKEDKDNQIAVLNGGCPHSATL,203,,
Generated_Protein_294,MKNILLLTMVLLFLATLALAADAQSSQQDSGDAQQATGQSGATAQSLRRQPQGGTTSGQSPGSPRRPRAAATQGGANANPQAGAARPVTPVPVQQMTRGSTLSTPNGGQAALAAAGAGDDIAGTATMIGAALGRLRRRGGAAGGYCGMMLLDTRRDAIEALALAELTLIALGNLDIDDAIDELIATAARRS,191,,
Generated_Protein_295,MASTLDIIHIVGVDNTFSPLISITLVLSGELLIFFARHKRAEVEKALNKRKKIAKEERIVSELGINGVSHETAAIEKPVAAAKELKAAKHSEHKAEVRILGVDFSNLLLAKHYYPNEHLFLSIREVEHAKVETCNIIRHLADMIDVSILGGDLGRIATMVRRHREFIAMNSSVADPVFYLELPVA,185,,
Generated_Protein_296,MITLLRRKNKISLSTSISFSPTPAPSLTPRTSSNAISILNSPKSLSNASPLTITSAIISSSAGRNATRGKESLELVAGLGFIIILNKDDEALAEAKGLFITAIDALKAIEGTAVNPNMYGALAGKGRIFGQMAEEFNEAEKVVDILERLYNILENQRGELLFDEHFAARGVPSGDIAATIAYSLIKPVVDGIVKAEMDGRIEEYIKQLPVI,211,,
Generated_Protein_297,MTTATVTIALVKEGLVAASLFDDEILSKNKASVLLKSASSSSSSISVPVVNKNTITSVTLNTTNVTAQVGMFTLVAKMEAAKPMLGALNKVCIGIVDQLKGLVDYNQFDEMLVKQVLPIGKTASSPAVCICIGALVGNMLFDFLSIPPVEYGKAEQLNMIVCNEFSNLPEARLGLQCTDA,180,,
Generated_Protein_298,MSNIRDTKEASVQTKASVQDYLTPYVIAQFNGRAIMAQDSVPIGHLPMLANFKAFDEQFVSIVSGCEAVTLINPPIEATAVMKHGQTGQTDVYLMKADELKRNFGLADAIIVEKGVSDEEITLSKALPSQILLKAPAIY,139,,
Generated_Protein_299,MKLLKDLRLLKVGSEVDRRREAELRLASAEVSEGGLASVSLEGLSGAVDVTPVLKTEDDADDVARAGLREARLDGIAGSLAGLKGKGEKVEKAVFRFDLSEEAVFQGLVRLDGKLSVADGVDFNPAGIEGSSGAAKAGVIAAKL,144,,
Generated_Protein_300,MSELVTHHQVSFHSFHNNLVWPAEALLTGNWRLTRGAAWLAIHFHSWNAIDGGVVVETVLLFRQVDGVDGGVRSGLGLAPAALGDNVRALPTIPLRAEEVERMAEAGVHRFLSGLFLTSSNMHDQDLRRAVGFFDQDMEEAHGFRQSPAIEELAAHV,157,,
Generated_Protein_301,MATKKVLFDKYPYTFHKEEDIITPEGTFEISDHHIVEKKKKYGIIEKTFSTKDDGYGITIILKELCPTEATYCDLYKYYIEIEYHKNTTELTFPTTFIKPDSLHGYCERDHGTLMTIVEATLDAIVFIGGGYIFAGGFSFGHSYITR,147,,
Generated_Protein_302,MTTTTHIAQLQSIKNDSFLGLELLLPSTGEPYMIGHFRDMAALSRGLGLTEPPFLETLDGLRRRESDPFYMIGMTLFQGNMLAGSLANLDAAFRRDQAILIVPGMIVNTQTPDQETTLAIAMMVSSA,127,,
Generated_Protein_303,MSEELKIRVQAFEQQQITFEAEKFGKSISVPWKSFEDGLGRLSVQGEDEIYRLSRPNPYTKFQGHALMIAKDNKFRTFGYPITKERNITYRDEGFRPALALRNRKVGVVVVWPVGEGSGAIAVRKGYAEYEFRIESFQLPISNQTISEELGDEEVPLAKPTIIGVTRLGHDGMSVLDDGIAINRASIKDLAELM,194,,
Generated_Protein_304,MNIKTDLDARDQLRLDQADDADLDVDVLLRVRDLADEGDAQFDQPADLVDCEAGSVTLAAADVVRGSGRFRVTMCGNPKLTLEGKLTVVLEGKVMPEYNPLDVLEVRLSFTEGMVTMPGDRYANKICVTRIGSVQASRQFIEKLEG,146,,
Generated_Protein_305,MAIRKVLILYPIVGPISLAGGAAASQQGREGRMLEIADGVLVVGGLGEAQGYVLTVVNGETVASLALRSDSLSIEGEAELSLAKEKRLEKVGFGVADIGLTDGLIEVVIVVNYELSQRDQLEGMVADKENAVLYRYLQQHREKPMIIPVLQLNYEIPFTANMLHSQISHPAYRDRIIADVLSQVMTNFR,189,,
Generated_Protein_306,MSTKASAGGNDTVATAALPLLLLLLGVASALTGTAAVPTPPLALLTTRPDGTTPLTLTAGTAVLDCAVADCLGDCDGLLDLLTAGEAVTTVLTAGNADIPLVFTTAGLVFGVVFALSSANNIIAVTI,127,,
Generated_Protein_307,MKNTDYITLAADPVKVSIAAIIKKAVESAITAETTPPLVAPAEQQPLVTPSGYCIKGATVVAMGIIVIIVGAPMAFAMTGAFNGVLINTDLAAATRNYGAIVGYGDLAAVVLVIVGGILIAAFGAMKFAAIMNVTRAEKAIPAEHILRTQADAKVIDLDELLARRHIMKADIAYGIVNKAEAQQLRHTIMSAPLDLKTVYIGYIVSSEAPREAQT,215,,
Generated_Protein_308,MSKTRQQFRMFALLCAVVFAILSLVVVGLVVFGFCAQASGQSSPQSGSPPSASPPDDAAAPGPAPAPPVSPSGPPGHVQGQVPPQEEDQGEAAPGGGPQPAGPNAEGAGHGHQPWEEEGPGEEDVKVRKHRRGEHHMQAVGHSRRWGGPGQGDVDGEVGE,160,,
Generated_Protein_309,MGTKMCVASILAAVFLFALALGVIFCAAAQIDGPDGEPGVECRFPEAGLPAAPEVFTVGKASLATCKTCPPEVRASRWYSAASAGRLGGGILIAPIILVAISVGTLAAASTAAAASLALGIFGALAT,127,,
Generated_Protein_310,MAVVFVSFIVSSSISSPIVVIEHSVDSAVVGVYSLGMHKSLDVWKISSIDGKEMIELIILEKRHGAKMIVFAISSIFLLNGVKDLLSGIISIDKSPSYIFEEAYDSPYSILLNKAYKNMLEEEEMR,126,,
Generated_Protein_311,MQAIAVSGNPVVVSFLAVPVLLSIGPGAILSLINGIFLGLSQGQPLLELRRAEPQVEVAAQGLAGQHVVEPVLSLLPGQHYAVAAFGVGGTAGVSVGIAAVTPTLIDFIAVALNYFSREERLVPIRQHAIDVKRENLPLSLLSAVGGVGYYVDGQPQAAAHAAPAIMIEVVAATVIREVLLGMLPFTALVAGMT,194,,
Generated_Protein_312,MTNILLLLSLVLSVGLTAFLVAQLSLPTTAISAWGDSFSSGKDKIITFGSDVALATAIVFILIFTLFAIIVFGITNNTIAIALAGQWILNYETLSGFGTGTLYQKFGQWGATLTASKGAIIYQWDNNTGQELSKIDIDIDLNAIALSTVSLSFLSAFFVAIVYAVIILLIHHKREENNPEK,181,,
Generated_Protein_313,MTLENLKEILIDEKLLADLSSSLTDQIIIEQDSSKITIASNAKTTIITATSGLISADTGITINTIAVLTDILKISARLLEETTSAIIAIDAKINTDLLSNFTDTIILNNLTRRIADTKTRIALQNVKGQIEKKNIVLAKKAINAIGIENSILTATKGTAAKILEAFTRNREAMRHAIKEFGIFN,184,,
Generated_Protein_314,MPNQFQPYLLADMLIENTLAKITLAAGLSNIPQWRETLMFKEDYSDMDYVSNDMIRTFRDLAMFAGLATLPGEGAVIGQSLSATDIGITGSLARLKFKLAPNPGQPKLLTLRLLRHNEKFNQITLLDTPELYMYVKQINAQWDIEDARGILDFFANKGNDPEFTAVKALRMADYGLNDCAYPQFAYH,187,,
Generated_Protein_315,MSIENKVIRLALLGGGGGMAVALIGKSAGQSVGLLLAQLGARQAEGVVELVLDRDRDAVVGFGAEGAEFFDAVDVVLVIPGRRREAFGEGERFFDVEGGAVFDVGVGAISNLLLLVFLRDRPEANLRQRVEGKAVGVEIE,140,,
Generated_Protein_316,MDFNAKITATRKFALVFIFLSLFSVLGAALAFASFAEPSAPDTAAPSAAPGLELAATGKADDDLGAVEGEGTINVRGTIAAVATLENFGGFDATGFIGKADGRNSGICGAGFCTLSINNHVPPFGEI,127,,
Generated_Protein_317,MKIIVVDDSAITSLSVTGTAGKVVGKLAVEAAGVVVASGVDAGSVSTRRVGASERLEGLEKPDIELIDVAREEFDLLSVLLKAEALVFPELALNDRVKARREISAIDRAEVIEELRGGEAAARIALSGAPMVVFLAKKERGVLTGKYSVEPAVAALSSISDLETPTVTVYGTPNFIPEMYTLASP,185,,
Generated_Protein_318,MIGLVFRVGPKMGETHRQLTVVRQNVEPYGVEAERGRYLSDIVTFTESGWLRGTLSNTLREVLLEPDGVTIEGVVEPGAYTPLAPVTIEAHAVHLAGDGDGNGYTRCVTLAIYQRIEQRFHEALMQGDGN,130,,
Generated_Protein_319,MKLIRMIILNGIGLLMLSLMLALAALPAAAPVTAQNPDAEWWFGGSLAGRFGSHADVIVPLDMEKLLRDLATPLKLTTMYRNMSICRNMGVFMIIHGMGLIATATFFLIGLHYGSKNRDNNPWLLIEGLTIILIGVALLTNLA,143,,
Generated_Protein_320,MSLKPIKSVPFPEQKGEEKLLERASGDSIKLSISLPKEKSRTKIPWDLLYPGKESLKGGLLAELLVNQYGKDYLDYIDRDASGMASIEIPEGKNFVMATLGIKQARVNYLQFGRYDGILVMFEKELPF,128,,
Generated_Protein_321,MSVTPLLKKDVLLTPAVEVASAVVEQVDVSRLTSVADMVVDDMDEAEGELSATGMVTTVLLSSGFTPDTATIPDIEAIGEMVFTPGMLAPVLLVMDVRARLARKEAPDAAILNKFEIDAVARELDLNALIDKKLERVEKEIRKRHNDYEARQALEAETLFTKTMNSQHIAPSKESSVIALRHSARFTVAGDMGYGS,196,,
Generated_Protein_322,MSVVAPRHVKSSVSSVSSSSTASGTASGSVRSTPAETASPSPSGQPAATSVVPSVATPSGAAVQVQPGSVDGTRLKGQVEALVLLAHHFNEAPVAEQRVVQLLTGEKQKQLVAGMLGEIEGLKHHDIV,128,,
Generated_Protein_323,MKKLVVGPFDSLALEEKLLELEDEREVSEEIQEALAVADLDISSAAKEETEISSSIVSVSLDNVDDLDLDARAELDELARIVEIPVLLRLRNLRAAEIATEIKVQAETENRLTKVEILKQTIARPFYKIPNQQGKLRLTFKARQALGGRLKYPNLNGLRPVLTGGYHSVASPWSFSQDEF,180,,
Generated_Protein_324,MTPNRTALALRPLTPRRAPSTRARLRNTAGLALSLLLPARAPSSGSPVDAVALPTSSPLSLPTSRPQGNLRTATRERPEGGSSSGSVEAVGQLLSLLGKNANAAVNAGRLERTGALAGDTLAAVNGATRNVDLRGGATARLLLRHLALRT,150,,
Generated_Protein_325,MAGAVSIAQNFVKSSLITPTSEQQKISLAFSGQDVSLSGCAAVVPYLKRHTIKEEVSLADLLEQLFPDSGVLVFEERQGQVFSLVAAPIAAGEKGVNFALSRWQGSVVVALMGCDSVNQARGALLPTLLLEDLLNPDALKALLIDKKAGFISVFDPDEQVYDLVNGLSARR,171,,
Generated_Protein_326,MLRARAKVALLGGLAVSLLVLLLLAVAVFAASGPDLLADPPSALLAGDASGKSPVTRLSLVSRAPPGSPATGLDGLSRASLRLGAGSVALARVPSPVSLAALAPLAPAGDPRGTVARLRVAPSGAGSAGRIRRLG,135,,
Generated_Protein_327,MSEKIFTTAIFLLVVTISTVVVIIALSFFSSIVIDLSTPVANTTTKAKAKTTDSDDLTLLQADNAIKALTQSLEEKNLKEDVTINKVSSILKLLNQAKTKTILQNADELTLLKEEQLEDVTLEIRQYRNDASLSVYFSNIDDDSSYSTKTKAINLTYYSNLDTRTVTAGRGRFGSGCHQINIKIPHQSVSFF,192,,
Generated_Protein_328,MPTSQPPTQAPLLPPQAQTTPPTLLAQTLTLSAAADALAASVASTSADSSDYSTSTAAERTARPTPSVVRVVVRRPAYLVDGDDELAPLDLYDDLDEARIRIVIARAYRYHDVNVRGRIGLTVVLNRGWARARRRHGFVGHIDMHYWDEQQ,151,,
Generated_Protein_329,MAKNLRNAKTHTIVSAFIQVTKMGYTRDNQVSGLLENKVLGVLTRRANLHGVGVTIGSTNCLSFKAPTVGHVKNEEELARYRAIGQMKLQAIVTPGQREWDYEKVFQSYLAGNQRPIVTKDLAQAVEAITR,131,,
Generated_Protein_330,MKTVSSSLLTAVVSVVLFGFFCLVVALLAASSLLGADPDFPAENFPLTLDEKNTFLNEIGAFFNLALDCDCCYGDGGITILAAAAGGLFDTLILALMLALLTIFMTMGLVMTAMTFCGVGGLIVTAMGYLIAFFIGFLGFVVLGFGLLIVTLFYFLKAASKKQEETIIIEEAADTNEKNERRTENIDQDDKLAAAN,196,,
Generated_Protein_331,MEALHRITDALGSLVGGVDVDPSAALRELRLEAREGELVLPSLVVAGLEVLGDPSIVIGSLTPATHLIELEIAPDFEEIGLRAAERGGIALIDGAGIVSGIVTPTYTTGMSSIDASLGAIGFIAF,125,,
Generated_Protein_332,MAPATLTPSPQAQAQDTITALAETLSASSAEESETLPPLTVPIQADHISSEQLDILSSVDSDLDERVISDVEDDDDDDAAIIILLRYNGELSLDIEELILSLTLRLGNFRGNFLPLYRLYLLHQLRPVLRSHLPGIIISGVAGISYNFYPGKYSPHHPTPLLWSTMLSPREVMAETVTVEKLQFLQHLHVPDHARLIWY,199,,
Generated_Protein_333,MTSTALAKAGLLLLVVAIVFSAIALVSAQLDTEAGRPGEYALVSPVTSDEAGLDATTGATAGRGAGEGAGSGLSTALSGVGAGLGALLALGTTATTTFRFRGRDKGATTATVSQRWRQKGLEQVLALLLG,130,,
Generated_Protein_334,MTQLKTIKVFGNGLDYDLVEIRVKNVFETAKKGAVFTTKLEVKKTKTALKVAVIKTIVSEGVAGSNAQVLLAKVGTGKTAQVVLSTKGFNAIENKQAQLRIGLNHIVGFGDRLSDVVTRTTAEALAQVHGILVHYYNPVSVVPSFNSVVYCHTAISQPLPLESLLVHTQWQND,173,,
Generated_Protein_335,MSNNKTHHLQQPRSQMAVPRKRRRKISEAKMVTPEESAEKSRSRPYPVWNDKRKSIVDRSVSKRKAMSKMSNMVLKMVAQGSTSTRPEYGYCASLLLCGMIEHHSSNLFKLKVDSFVADRGGTGVNILKLAIDVVDTVFRAENRFEMPVTLLGSFIEKIKASVLPKKFQGVMPVDVDDLKTLPLIDSEWRSDEAYVLIATPQTI,204,,
Generated_Protein_336,MGKSIVIVTLLSGLVAITAVVFLYTGKSDSTVTSPSGKSTIDIVSELSTEESSFSSELKIFKQIDEKELQEKNGIKKHIIEQKKLQEENEQKTQLEQYQRKYQFLKKEEHLNEKTPYSLGLKLPHLELDDHTHRPDDIVLHGRTITNNPMDLRDLRSGGISFTGGAFVTPNGATVTLLEAYNMPVYDVKWESIQ,194,,
Generated_Protein_337,MKLFISRSRVFGVTIFIFIFAFISVVLVVSSVLLVLNADAKGDNEELDAELAKNLRNEREVDNVILLNGEDDLVLKRYTPNRYISSNKDGVAAVSDDSRLYLRNKLDETGQKIRRRTRGILEIRTGNLRLQAGISVAGLDGYYRAMAVGLTDAPAIMPPELQASNPKTFYLWEEATVALVDDVAGVGLAIHP,192,,
Generated_Protein_338,MLLLLPSELLDRQVDAAEVRDIHAGDAAAQLRRWLEQRQIHRELDAPGQAAIAPQGAVEQAVAERFVFVFDNGENQSRQGQIVLGQAFIGGQSAFLSGLVMDTCGKDSGYLRGVLTMQKFRPRRNFPAEAGAGEEAVLRFITSVCGEGLLSPVIAIILENAHLADTVISPVLAGIYSADEWREAPS,186,,
Generated_Protein_339,MGAGRIFLVLLTFISIVIAVFTAVLSGAIDGPESAVRSSGSSDRVFFSRPSSEPVLLPPDPEDESLEEDASSAKLSSVVVKRVASGLIGGKNVAGIIFGICGILVLMYYGYAPDGNHLFILLGKATDNPEQRARLATGLVAPATPRQCRAMRGDSS,156,,
Generated_Protein_340,MSEIVKNVASIRDGLVRPKEVTPKEDDSDVFVTVTPMRDVEKRLSGCVILSDIGELTLGDLAATGEGFESLKAGVMDNGLSKTRVILKDIPNPFEMELELSDGADIAVFIPGNAAASGETYKLDIVVLEPGEKLIVTRGGDLEKRIITPLSGG,153,,
Generated_Protein_341,MNFTQTLLKILFLAFSTGLATSLLFGEEEKRAEKLQILQSIAEKEAKIEILNINLEIINKKKTLKLTLGFEQGFEKNRLEALAELAKSFGSKRNARENAYEKEISAVSRFINGRLTFIQELGKEQGIAGSVTGVTTTAARFILLLP,146,,
Generated_Protein_342,MKSQTILANATSSSTISVFVWAILSLFIFFIAASLVLVIIFFLSVSTILQNKTPDAQKTEAAASSETKHNKAQPEAQELNQKVLNAKQNVQEVKNQEEIEQNEIEEQEIEWLKKIQQHRKQHQEKKIRVLMKQKENLGEEKEQKLHWHNLWKEKMNLRAFQNVPLNKESLNFPVSPSLRISPSLSPSPNLDCHWKMRKWRKKMGW,205,,
Generated_Protein_343,MKLAFRVLVVALALLVLSVLAAGGPQASAADDLGQVPGDAAGDGDVRRRDRLAALRLRVVAAERRGEGRVLEDDRDGAELRLLVLELQPAAVQQPAAVVAALLHLAQSRADLDYFSYPDYPNLTARADAREVRALEQRGGRWGRHASRFLHGAPAAPRRRSASSRWGAVAGVGGSGSYGPRWGGVATGTRFSCSRVTDVLRLNLGKALAEY,211,,
Generated_Protein_344,MIPTHPYSQLGLIEKIIIVLNLPLGSPTPSNWWWNFGSLNLLLQITSGLLFLQTGLFLAMYTNNLEIVYTSTMQEVVQTAISTISSTHMGRDVILFYLTNRYGGTMASYWLEVIILSPWGQGSSTNTPVKALNPLNQTTQPLGQAEVTPFFIHPYKEAVL,160,,
Generated_Protein_345,MSKRRLVGLIAAVVVTIVALFASTPIAVSLSADLAPNLDGAVDAAPGPDNGTAGHDGTINLSDEDNLIVAGQPDGHAVEIRRALNGAVVVDNHMGQYVRRNGANSDVREAAELSAKAAAEHVHAAEGVERNDEREHHHREQLSGREGGDM,150,,
Generated_Protein_346,MTNSQQTVKLHIKIKQSFIREGVSALFEDKGIVSVPTSEKALEEGIDIITLALANEKALGLARSQHPRDKFLIVDKEYGDKVRGAVETIRGLIRDQVPSTIEVLGVPNDDKVVILVGDDYCLNDATMVFIDKKGGVINFEPPQNISADAELLV,153,,
Generated_Protein_347,METIKKAFFALVIGNSGNIGKSVLEVAAEKLGELEAILDGAVDLLVDGEGVELRYGEIAILDVKVDGENVVGFTGEADAAIVATSGILNLINAVKRLVGGGGAILVGMNYVLSSVDYTKTGAAMAAILGALPLLMGAVGLAAGAMRFGAAARVGALLLALRAIVVAPYTR,170,,
Generated_Protein_348,MASESLVSLILVTVTLLISVGAVLAVGILGQHLLSGSAPSISVDKDILDVDLDKISEEILTAIVAVDNLHKKKTLKIKITGQKLQILELSDVKETLMLAVEKKEKLKLQVNHDIALTIDFGIALVKMKDMPNAVDT,136,,
Generated_Protein_349,MAKVKLVLFSTSVVITSNSNTPSSSTKTTPVPVDKPYTPYGTPKEQTVVKQKVLFAEVKKKEIYVDVKKKNVLVGILVGCADGGATSTCGETTLLNESLKALENQELLVGENATVKVDLLADRVVAPLPDFIKTIGMDKNFEGLYNQYSVVKPIKAALGILACSRAKRGINIGADFDMIEIELANHYYNQLLANRGVARGFTSSV,205,,
Generated_Protein_350,MDVTIITGTFDHELNALGCIIILVYLFVLTFVIILFYFVLRKKKNDDRALIADAELELEIELKKQELRRADELETRNAKLQTADMIRGYEIEISHLRDAIMQIMANLGVMGLGYELGVRAICASAHPEFIASVVVMALEHELQKTLNDHALRLMAVTIAS,160,,
Generated_Protein_351,MNKKSILLLGLFNAVVVSTPFPFFESFNAFFGEIDISLLANLVSAGIIAIAALAAFGAFGFVGKRTTTLNILAITKTGGFNPTVEGFNNFDIENFNTKFTTAIPLCHETAIIPYDIKAILSDAKAVNGGIFMVVLLPAVAVVHENYDLICFHQLGLCG,158,,
Generated_Protein_352,MTNNPKLKIALYLLIALFVGGTPSLILYAQQSPTTSLSATPNRNLNRTLPDNNLSQYITSQNIYLSLTLASLVEQTFAAATAQYSHFNHLSLQSHYDLVDLKTFVELVLKSDRRRIIVIGLAGLPLNGIIRDGLVPAVFVIAPLGHSGKKREGYWDFVITVHTYLLFAIANPVILFAP,178,,
Generated_Protein_353,MSKLKNDLTRNRFVPITKDVKKITTNFMDEMISSKMVCGYAELALQIRQVCKILEACSRHPLLIRQIVRGLNEVRDPILVDILGGKFNTDLFTEGARGETAEASVTILLFPNVKRKAIEMYFEGGSVRFTTMNPQMHDMQIVAAVISVLSVKEGGIAAVR,160,,
Generated_Protein_354,MATLGNTDKELEFVRQKITFDPEDAEADLVDGITKPAGDSEAFVYALADSDGEVFKEKDLRDGEDDMGELVELKIINPPLLELVPDADNLNLRTEYEKLREYKELVEAVETRKVVGRSGYPMKEEFVPERIFPGCYTLKPGTLAELRKPEVNGEGYAVVGRLASKLRKPVYSNGGAEETIHEYEIPGDLIMLADLKGETVLEKLGVVGDADEFTTS,216,,
Generated_Protein_355,MGLKMGLLLCALAVAILVVFAIIVISGAPARRDEEKKDLNLKIEIADKKDVLDLELKKNMKEAKKKNLKHEIEAVMKAIPVGMFTDATIPKALAKHDADIISHLFAVGFISNDVREITPQKNGMNDGDY,129,,
Generated_Protein_356,MKKLILLTPLSVSAPPSPDEPGRVRDVVLTVSDPEVLIPEDYEVTNLILNMLKPNEDDLVAKVLYNKLQNYGGLIRGKRYVSVTEGLAATPRITPDYEKPGKIHRAMVDEVSSNGKRYNHA,121,,
Generated_Protein_357,MSIKKRLIIIALVGGNASLGAGSMGGKSGLLELLVAEKERRIGIDKILAEAVKGAALGLGVDALVNAVERRDVGEIAVVLTAGKRNLLELKNAAEIITDVGMTEALLSLSLGIPAGKAAGMDIGIDGAKKIGLGVTKELGFFDAVLVEANVMKAGIGVAVDAMRNMINPDIASSSELL,178,,
Generated_Protein_358,MKVLAVTALIGAGRMGRMGKSLMGEREVAVLEPSLAGAGRLEIEGEALVADVFATVDPPAELLADVDKLEIVFTPPARLLDRLEGKEADALLTAIVLLGTTGFDATPVLATYRHGLKPVIDVTADKGIQREVDLAAIATHGFSVARNFDEVVKKLGLLSGQGLAAARAIVPRFNNRALMAGAVAGIDRHQVPPSSLMVV,199,,
Generated_Protein_359,MATVSTLLPMPSRDDDLKIRAKPSAAILDDKLLEEALLEELKPVDSAMRMLMLTSEKMLGATARLGSPMYIINSKARLPVVVSPGVAVIVVSNMYDMSKKEGLAVSGEIGAYDDMVRVDIIRTIIGLRAPDVAIFMSPALSVSREGIYQGAIHIRDLFRDNSVLLQEGTAPHDDIVKKYNTAQEALDGAIDK,192,,
Generated_Protein_360,MEFSFIADQLAKKEQIALGDAFEDMVDFSDISLEISKETIELIINEENEKNLVEIDFTDNIETQILQEELNGVNKEVGDSILQFLEKLDIKVINDFENKLALSKAINGKLYPALTDALIPSHLINFIPGQEV,132,,
Generated_Protein_361,MAPETPSSGEFLTLESHSLTVVAPSSSSELVLLFVALIVVVIVFLFGLTGMFLRRRESEILNAIALAQENAPDVKLADEAEKLDGKDISWSSFQELINTAIQQLDMDWLTVELTINKLHGDGKLRYPVN,129,,
Generated_Protein_362,MKTIYVVLDDDKTRLVREQHGTLKIEALVAAEYTPKATYLKTHYRDYLRLRKLIDANDLLVVTDTYRDVAYCDELLGLYLKGGCHYRYQPVIIKLHQETVDEIVHQLIVGYRDTVMHQLGYSRLARYRDELLGLAKIARLVTGKGKVLVTTIGGATASVGIRDTVTRLLGIAALATGKKPIQPFKPSN,188,,
Generated_Protein_363,MDSLASLATPDTEEIQVAKEAEALKAFERDDMAEEDVWQLRLALSSVDCLEERKLAEVLKKAERISKSVVAIDYKNLELEDAIPLLLSKLTGDKFISQRRRVISRKKVLKADAAKKKIFCIKMQAEAEHYRRFIAAKKFIVHPAPST,147,,
Generated_Protein_364,MKIRLACFITITLLLATIVCLDLGYTQSESARHTSTPRTKTTQCAECDEVEKTRNWVSRINSCAEKAGSQKILNKATIASGYHYKKNSGYFRGCGRCSKIDRNGVKIEAVTGAVTECAQAQKAGLDSTEVAMGNKVRETVCAEKPDILDMNADAGIRFETSNAHPCPVLNPKILRTPFDTPEIH,184,,
Generated_Protein_365,MIGLLGGIVGTTARELRRIGKIGLGIDTGEIDIDVKELIRIRKGLRLEEREVEEEVLLKENRIEKEKELRLYEPKELRKKIRIADYIFEAEQNMEYRNAYEIVKKMFQAVFGVKDCPLKDWLGRVLAETPNGECYGKPSSFAGVTLAVMKAAI,153,,
Generated_Protein_366,MGTREKVELRKAVAVLVALTGAGGLSGEESLLLCREPVDSGTPSVSLVTSESGLSEEVTGKSCKSLVVTLDEEVFPTPPEVVDVYVEVDELKIYGLPDGVAVLLCGSVVCTVSGFCGTMSTAVAKRAIRAKYNAKI,136,,
Generated_Protein_367,MSSIEILDTYNIPLKNIKGLPKILIFINGGEGEVLSLSGKSLIDLELVKDILRLEIFERIAGGLSNGDLLLRIDSDLVDISKSNKPPLFVYGLVGGFLSAAGVLYVMAFALLGYLATYFAAGVYMLSFLLAIIGFALIYFKRKRSLPQQPTVGELPSVVGSSVG,164,,
Generated_Protein_368,MPTNNSLIFWILSLTCLTQLTPIILALATLALSAPSSPPAANNRSPQPQPWWPLGLTGTSTWILGTGLAGATGALLAFFLLIYDTSTPILLAIQWLDAFIILAISITTFFILYTWAIQWTRNKIPQIT,128,,
Generated_Protein_369,MADTEKAEKIFADELRISDVAEREKIEARREVEKLEKIRDLDLVREVEKIADDEDYLIKVLNADGGARIRFFVESSVGKIAYADFYGDSVYVGNAFTGFATPEAKFGVARYAEEIMEGYKVSIAGRNATFAKISAAYIGRETSSNFKEVEA,151,,
Generated_Protein_370,MKLILVGIGNPMLLSGGNILLTSRREALGIPTEITGKTYLYGLLEDLPTILETVFLTTNYEVAADGIAAGKVVPVPTVDVPYNAFFIGLLPAMDGIVDATITGTTATLGNRDIEIATGLLPATILLAGVFYNKGGKYGFTGFIVIVLYFRNDARRLAGVGLSSYQPE,167,,
Generated_Protein_371,MAEKLIILGDSEVVKNTKSTSSIPVLYSKAESHLDAVSSAMEIDINAMALRIEASGEGKVSAPMVMISGQYYSGESWLEIPMHTVAMILRNGLMIYIPSGGSAPFSTDILWVQPNVVAEAEELLVLRGGTATARKAQATEDFYFLKVDNELRKKIW,156,,
Generated_Protein_372,MTLRPLAVTGLGGGGAGAAGRREEAVEAVEVSRRLAEEVLQALALQAEKRQRDALEIDAEVKEGAADAGAGKIADVIFDIELELDKAVTSKDIAIELKPELTLEAKAALSAGIPADKLYSAAFAYAALGGTAKALVSRGV,140,,
Generated_Protein_373,MPAVVERELLALKELIRALSAAEDSIVLSSGEQGELLLSAAYKAALDSLQSIYINEPAKDLVARLYDKLYIYVDDGGLLKTSKAPAVLPGGMCSKSVTLRGAAGVYFCMGKKSRFCGGGAYALESLPNAAMIHCRRAHPLHPAAVMGQGVGSATLDTIMGHSRDTRAQPAIMEVIY,176,,
Generated_Protein_374,MASKIVFTNISDDDFSTPKKTPQKTSEITIKKEEGVTIKSAIPTSKKKAKGDLLSAAEVTKIKNGTKAVLSEKMKGLAFGAIGANDFGDMIPPMKSKGSIVMKNGDYLAIDGKMKNDMQFVIEYSIGARHAAEIVPSVVHCVNKNVQAAGTPFEYIVKRGGKYEVTLPKPEDLIMKILDWLSEKTRDEA,189,,
Generated_Protein_375,MSITIINKDITFSSKYIKKDFTTIKSKKLDFSKIDFVDSSSSKLLNSKKVEISVLNKKKKVLSDISSKKKLLEENDLEEKKNVSIDLSKIIDSKTPVTFITIILSVNNLNTLNTIDSSISFQYISKIDLSLDNQLQLSVNFLENFAVFVYQNSRYNLKIANIEIPFIINYHKYVPVKVLKNVYHQTALSRTVLLNKLPVKVTTATIMSLS,210,,
Generated_Protein_376,MSLEFSPSTLGDASASALAVTPISGSLVISGMITDLVAAATGKPSASAGMFYEADGDILTLVMTKHLSSTIALVLVLGIGLALSRSGTTLVDNMPAIPLLDTIGWMVRSGRHQFGMYLAGVPLRYQAPTQADPVEVRFLGIDIFAVVNVGIDMPAIGG,158,,
Generated_Protein_377,MAVLLTLIGLFIASAVVTGYMDATEPSHTTVLINGEITYDLINTDDINLVEDEIEIPDTEEYNGELTTIRLRVNDVTKDGDIVLTTVGKVGNVGDFQHDVIVDVRTTRRYYEIPPGTMEIYNGDYDKVAIPKMSRDLKATVELHPMQLAFAGWVKRGVGCGVDGYMLEITHLADGKRLAVRLAVASSVEVPDRQLNQY,198,,
Generated_Protein_378,MPNPLRRQLRKQQQLILIHSAPGSRPLKNISNAPAPSSHHSPSNYGRGWWIPEQQTLSPQLLALLDNSKRTPLAPQQGHALYPQPQSAALKTELGHAQAVLQPGALDAAMRGALQALGHLSERFGSGHCGSMTVLLDTWRDLDTVAMDLKAAEPKLFAHAARLDVLDTLGRSPFSMYGLRLEGQLLMHRHAGGGVLYIRRAET,203,,
Generated_Protein_379,MLKKNAILAGLLSSGLLLAGGKSGKSSLEQAVQGLALVDSLLLPKETLDLQPEELEEEIALKALKVKLSVVQLPQPLPDQVSGVAEDQQGIQGEALQGVVGAGTVSLADLKLAAGVVNLLALAKRIENFNLLGLLEDKPEVNGKLSAGILQSSVGVSTVNPEILKLAGTLSSKQVAGVDSVDGLAFV,187,,
Generated_Protein_380,MKLLKVLVLLLTCIFLVVVTITMCIPSQGPEDPQPEVELTTTGKGVCKTVQTGEKLRCPQQEGEIGVVGERIKCGKILTVCPGAGEKGPTDLCPRVTLQCPSKMEDVCRSSSSGNFYHRID,121,,
Generated_Protein_381,MALQQIENIHPETHVTIHSPYEKPVEARYKRIFKEEIVTFHIEGLFKLGDHEIVIGDHEITPVTLTSRIEDNVEVHAKYRLGLNIMPNINRKQFVYKEKETIETHAIDAKGLDGAFRTEIEQLSFRESIANYRQAIETHVISRDANGLEFGAIEEVVPLTPFIRPIYAIKMKIGGAADDGPRLKKEYGLVTGPFIVQLESNPLEA,205,,
Generated_Protein_382,MKKVVFAGAGHGRMVIGAASHGLIDSVSAPSEEIVAAGYRQAVFAGVAVASVHPDVFDEIVLKHGVVLTLAAPTRHHGRELSIVGREVIDGCDLFDERTAIVKKPLLAPLVTTQVEQFHGLYNGVFSEIVGRTDAFTGFVRAADKARAKIVEVGVFVATQGVATGILVDYNRASLAHRGLPHLVTISVAD,190,,
Generated_Protein_383,MSQQLIQRLQLKRKIVIGGSVVILAAMATAVVRAQSLRSSEAPDQRPEAFQRVRMLVAAQADALFLADRPAGALLLRARGLCEAVAVTGLCNLAPVKPLVTAEGLVGSLGVSVAFYRSPEIKPEIQKIQQAEAGLKPLRLLQIGMSFNILAKKDGYGV,158,,
Generated_Protein_384,MSLEFQLAKEHFEAAEEHLDGLLAAISEAEAAAALGITVEAREEGLDDLVRLLERGDITITVENQSLSEKEEITIKIIQEEEKIRYYEQKALNQYFSVLDNEEYKVLNKIIHASHVFATSDAMKGDLRRGFWQHGRYIDCSGKMGFSCAFATFCGYTHPTVAVVVQAQFGEEDLNYKNNGECHLVI,186,,
Generated_Protein_385,MLEALLPPARSSLLEAEARREVEGVRVLEGELVAPVTVDSAEVTPDELVTASLAGINCEVLAGVALCAGLCQWQSIRLVSLESPTLIYSISQAPPEPTTRLVLGVKTPVLAVGICFGLTVGAIHNPNPARYLI,133,,
Generated_Protein_386,MADINKQKITKRFISKQENFKMSPEQVDKINPTQDGWFKGSKFITPSLTNSFSLSVISFPTSSFPFKFQNFSFSLEVLLTVLILVHYRTFPNTNSDSPDVSDAEAQDGNIGNVIFGDGQEGDVGYRAEGNGDGKIFK,137,,
Generated_Protein_387,MAGNEKRNTFSKTKRKQLLAKALTAAVAGSEQELSVKPDVDVTGSALSDVSSNSSDEVTGLVPAVSSSNDLNLKGSSALSSSGRLVLLEEEGAGKVVSLTDADEEGSSAFDAIVVVLNHTDLKRGLDDGFYRKLKPNEAALIEIVNHNSGDMI,153,,
Generated_Protein_388,MEKIELEEALVEELLKEVAGLEVLDEPAILPLERLPDLLVLNGEEAGVEVNVELLRNGEPLRFNDEEGEIISIIVTLSNDVENPLSSGVNGEGIVVVEGSSTVAVVATAGISSGKVLVLTAVPNTHYYPTYCLR,134,,
Generated_Protein_389,MASSERILTLASSLAVEDASQQPRLELAEVLARREIVLVQLSVGQAPAEFLSQVGEVEDSLQVPRLQDGLVEVFSSPVQQAQLVEQDELVQRRIQRLVEEEFFVSPDGQSVSLPGAAVVGAVVSAVQVMPLKS,133,,
Generated_Protein_390,MPNLRDRSSHPRSPRPVTPAPSPASSPAPGPPGSSSNAWWGRSLGRRGSVGSTGGMTRALSVIVFGFTTGLSLILLVLTGVILTAMLAVLAQENPTISYGWGFWATVAIANHALSFGLSLLLYFAGHLHRNLPTTVSYTWGQMEVAAALFAFLYISGFDKILPLVLFFTGYGADADIVLLIPAGVENARDVPYCLVTPQAVHIMKYASKDITLGL,215,,
Generated_Protein_391,MSAPPREQTSRGGAAGEVGRLPARPGPGRGSGRRLPPVGSLGLRLARVPLSGLGLGGGVAGSRVLLSLRTARGGLALGTVSLLLLAFSAGLTASGFTSVVTLQEDETRLRSLLGTSTREALSSEEVLQARLLLPVSQGFEAAQRQVEDVVTELLQPEEDVVELDFQEDVERIEAELVMVDVTERAEEIAG,190,,
Generated_Protein_392,MAPRLVAALLLVLISTLFSTVSLAAATRAQGDDCQVRRVVENLEVTGERHTLLGLCRCNGVLPAPSIARRHRHYFDAGSIEGLRGESLLEEMIRYFNAAMRATVMPVMDESQMAGIISKRKVKEAGTCPYCALGFSRVD,139,,
Generated_Protein_393,MATAPSAALSAALAVSPLLSLRPSAPDVAPVAAPAAPAADVLLLRAAQLVGGGADEVAGALLEVGDDELVLQAQVADVIVELDLQAARVAEAGNVMRLINLEQGALEGMKIVLEADAPLLYDAFEGKYRIINAHPAYQWFDYSGWLDPEFTRRL,154,,
Generated_Protein_394,MAIPVLAIGGSGTGSTASVSTGGGYDLVAAGADVVVFDPPAAVTYGVVVLLDEQALTPPGQYVADLTVRPPPLEAAEAIQHGLMEVFRLEIVLPGRSVAVMMIAAGLYAGLDFDGTITAAAINAPPMITGLVGIYMLRTGGIDALPHRAMKDFSIV,156,,
Generated_Protein_395,MAETIHQSPQTPYYWPQLTGMTNMTSPISTWFEGMVDVFEVTVTLIVGMYVQLLISMGLTFWLTQWLTGYWSQNEITTVISGMTPTPVPNPGLDVPLNEVLELLNRYKQNGVLTIMLEMTKYEEIETIKRKKNGIYQQDVAIFEATAATNKNITKEIRAASLHQAVYEGLIYVQFLKSGNHSYEGTSFITKDGLIQE,197,,
Generated_Protein_396,MNLNLKSHLRHPVLIKLNHGGLMATGMLGSVMILTSIAMHASDTIDSSITPNGWLNLALAINIIYFNSGADIDMDKKMDITGNMAKTDICAFARKIAIDVKNLTHYGNALHIAIGIGAFNKPCRAGVYRGVLAWRANALETMDMYG,146,,
Generated_Protein_397,MINLVLVVGATGYGIGTGFYKSLGHHAPPVISLAELLPDVEIDKLKDINPDILKAHPLQNYNIFTPPLANINHTLAIDIDLRTIIAAISNKYHPLLNNAADAALHIIIDLNKYFSYGVNALGILHYRDVNKGAGLPAAFGAYCLSGLALYHWAGLGCITRAFSNHIIALLGVLIVMPIIYAISNKRDAHAIIPEHPDSVALLKETPLYAIQ,211,,
Generated_Protein_398,MAELKLKLSLFFIFLAVVVLVLLGLSSLLLGASPSLSQPLPDSENLADSKPELSPANLKKSKTSVLSSAFSINEKEIVSADVLSANIDIKELNLADEAILNFVKKLKNNIDDLNAFVNLNKLLEIDENLAREAFAAELELLRKGVYDEGKIITWELKRGITAF,163,,
Generated_Protein_399,MSFNPRFTNNLLVLLSVVLCMVFIATTQSLAMPAPAPQPWYSMQWSSQKMIGSLCQKVSMMLSMIMLLGFYVNMKQFTLTPVNVLPENFTKYVSLLGIPVPALVSLVYFALLYSNNNLPLLTISGKGGFSPWGQCCIYVHPAVYFI,146,,
Generated_Protein_400,MNPTLSRTALGLPARLRIILSAALIVAAIASPGVAPTALLAQPPSPATADTVVSRGGAVALGAAAVARAPGLTALAAVVVATPVATLLTGGAMPGAGALLLGAAGTPNHAGVIIMGMAGGRALSRHVIIDARGDAADVLPDGPGTIVAAARDGTLAMAVIEVEAVAHAERAQHDVADVRQRLIEAGMNGLALLGPESDGMPVALIVR,207,,
Generated_Protein_401,MALILLATPLIAPIAVLAPLPPPDDSGPALDLREDLDIRALQRLEDSVDINGKRFRISSVDDIEKLSIDNALTIDFDLTAQINFRAGKFGSEGRLSLTARIPAPDTFGEIDPAWVPAEDPQFGKGIEPALQRPALKVLINRSRWDYWQIDNGESFRPVKGFGHTPIRLAFLIAPEWSIAIVLHSLGAVYLSPLWAQFIGIS,201,,
Generated_Protein_402,MPNQTSSHPLIVILSLVDNLIIVSIVDAVDNFSVDDSSVYHLAVTGSTLTLSLVITFGLCIIVFLASVYLLVNTRTRHTQTLSDVSYSVLPLLALLALAIYTTANPEATVALLLLTAGYCNRSDLSTVKKNFFSQLLLTRDISAVALSIFLFY,153,,
Generated_Protein_403,MSLSSFQISSSTPRRWITLSNQRKNLTTRDITRDLLETPTPEALRTPVTPWIKIWIWTLLLGMQLMLFGLFWNQQEISESSDETLAWITINEENEADLRVDLGFNITGLNRVFIQALADNEVSRYVQATDSRIFSETALGLDLGRNIFLVGDLGFTHTVGFLIGFTISSLLGKLGQWNHFNRDL,184,,
Generated_Protein_404,MENLNLTIQPIADLIALEKKSRLSIVEDSLGEKTIYCEDKLKTANYSANEQIIYSSLFNLDAKANALNYDRDAGIIELDIGLNEKLKFDTADGGLADGSVMIMILEQSQSKNLRTDARAIGATMVCIGATFGQRWLSMAEGKNSPFVGIGALMGVGKLAKITDRYAEQSVKFVNHILITGGC,182,,
Generated_Protein_405,MAPRLSVLALATGAAIAVFAATSLLPAEARAAAARDGIVPRVESSPSLSSSSAVTAEVVILAAPAEDGKAAAIIIDSPSTMVALYLPSPAEKRAEIDARGLYELKLLTRVMADYEVIPDTIDGKLYRAMTGAVMLQEVAALAATGVKGFCDH,152,,
Generated_Protein_406,MKAVLVLSAAVLATVAIASTASSAPSAEGDSVSGSRAPRGTGKSILDVAASRGSGEIVFAGAALSAVAVNVAGNVALDSALEKPAAALDEEGKLLIDMGDAPAAPEAEVAIRYVKVGALNVFLPSG,126,,
Generated_Protein_407,MATSSLFSVKTITISFIFLTLVTSTSFLPFSPAPPSPYSTSPSPSSVSSTANHTTNSVSQTGSSISVISIIPTADEVTLAPAADEQALEEETIVKTITKEIAREILGKVLDGEIDGTLLNIDDKETIYIFV,131,,
Generated_Protein_408,MSKLILFALLLIVVVTLVSAPSAAGAPPSGQSPDGDVEEESSGSLLSSVDINIPNLPLLLENAIIPSDAIDSGVSELAAVSASVNALENEELDQELISAINGKIPAGVDGVYSGLKKTSIYNQYKLSKDLPIVYQYSQSGIKIATVTPEDMQIKLQELAVIATRGIMKDEGKAAVNFCWGKTCGVTVGVQYRLNGGYSDGF,201,,
Generated_Protein_409,MRETVTLAKKILGGLYPMGDVDLEREEEEIRIYRRIFEKKGADIERVEARLVLSEDGLSKAGIVAAAATLAARLLAGGRDIEALEAKGLKLELIVTPVNGDLPYKPKVTYEIIGSVTIEPSQIVLDICHEDPGRLARYASGLFVIPDESGCMLQVSITGVINRAAHYRAQGIDH,174,,
Generated_Protein_410,MSCGKSGKTVCIFKSHGDDCICEIQKRCDVFTVEVLPPDVWEPLGQPDPKRHRGADRVLTVCPKQVEAKKQVHGVTEVLSGCVHERDLGEVTLGCFEHYQNQRGAGARSLIRDIETCAKEAGVVARVMGLTLEDRVVDIVAGEPLGLDMPEPLMP,155,,
Generated_Protein_411,MAAASTPAGDDTTPPSETPSGDASADGATADGPRRRGGGDDDDVDFRDFRPGEDPSGDDSRGHGDDRSERRRSSPRGSRRGERARPPEIRGRSREDRRPSSSGGRSSSRFDRRHRGGDEISYELG,125,,
Generated_Protein_412,MLDLRARDLLLADALERLTSDDTALETLDPEAGRLVTADGGGETLGIPTSTSLGYPGETGKPVDLTLSGKTLRALLGNSTADLSVDSRLRSSVMTAAVADLALGLAVLARGGAAGDKGVL,120,,
Generated_Protein_413,MKLFVVTVFVIFVISLIATTRLDAQAQLTNSNLDKKTTAENSILINEESLTTRSLPENLTLSLEKILESSQEANAIILNLKEEKIKAKIPYKSSRMNQAKITDYGKYLPNVLNIGKKLSIYRGTTDHPEFLSLMLLGKRDEICHLYGQMSIPDRFLYAVN,160,,
Generated_Protein_414,MTIDIARLRPFDIRGRSLDRYPAVDRFVFNAITPRRGQPDILFRWKPDRIIFTTLAEWPEHQKGVFSASDYRGSAQRQPKGYILATLAVQQFSADRGIDYLNLVEKKPLVDESPNFSERQISEVEVALGGFSGSNLTQQVDLPPELILSRGGFVVLSPNVASELQKSAALAHALEYDRRSLSRYLFGQRKSADMNLLAEKATGMRLLVTGGAVFELGD,218,,
Generated_Protein_415,MAELKKEIAYPEVVYDEGVEREEKMLLCYDCEKLVPKLCGAVFCVMIMFVIQVATFCFAALKYTVVVTLGITTKMEMTGYYRDHKNRLCRIKLCLSVGEKEYFKEILKKKMLTWAYFGILCYELAEHSALCFMVFA,136,,
Generated_Protein_416,MSNKIILVDSNGSFGEVVVEALDSFAAKRIILGDNQSDPAYRVMFEVETGRDMILLGDNGTIGFNPVTSGDDMKIPPADLTEALYEKAFIFNPNGIVTPEQEKLHVFNPGTLSLKILYDGEELRTGNKGTLSEITKLRHAIGIPGMKNSFIAIIITGRSMYDVVDSMERADVGDWEETVVKRGAFSGELTGPFLIPQSNIH,201,,
Generated_Protein_417,MAAEGKIGAISAVIGLALTSGALSGKLESGEVQIQSSLLRLADDFELPSPEALKDAISLRLTAALVENPASSIQHTMKIQGSSKLSQLKKKPGVMMVASDMLLQGVLVLLDGGIIPSSMPSSLSMKHSAVAAVMKPQMLSMIAIGMPAIGAIV,153,,
Generated_Protein_418,MKRVIVLNGVTDDATLVEKEKRALVVLAGPVEGLTDEVLELSGEHLEELRKNLVDVLTDDKPEAVIYIEEKVAAVVEAARVTDVLAEAEGKLRYVVIDVRHERDFVILPARNLVDAVLDEERELIATRRAVALNLARHAR,140,,
Generated_Protein_419,MLVVTKLDRLLELSELDSALEALSGEVDVSSVTLLRQGKLSGVLDNEDPDLLVLPPDTDEQIVSKLAVSVLLAQLADLVNTLKTAKRDADVAEQIAKADFFAAVAKRSIAKTVLAALVNYDLDLEQKPEVLRLNLQLRQGAVIDKRAAEAFYAVLDALNGKVSRYWQKALDKETLRYLPEGLRIGLKLSAPLDYWHQEAFVNYRQNGTSRKVTP,214,,
Generated_Protein_420,MNKTVFVAFLAGGILGFGAVLSGAALTPSGEQGIDVLIVINAIAGAVLVGSIASIGATNSFNGASGLGIGSAAGFIAAIANQQGFIDGTVNSVIASTKSLLEKQGIDNQIALIIAREANRAAEARHGLAPAVSLAAAAAILLGFAVGLVLGTIIAIYLSLVSAAGFLGSNLFGTLA,176,,
Generated_Protein_421,MTALNFDFEFHFDKVFDQMVFKTTKGSELGCEVCLGFCIIITESRSFPTEWNKFDLFGVVVDMVDAENGQDGNLNELIIMASENQLFPEKIKISDLADERVKRNGAILEQLTHQLRKMEKLEEAVKLVDYGSVRNKVEITASQAIKLVGDVETVVRFQAGNMIVSSSFDLEVKVKI,176,,
Generated_Protein_422,MALRLAAVGLAVLLTAGASGAGKTLAADDALLPEERDGDDAGSGRVLEGEVVAGSALRLLEPVRVLEGLDPPGELRPAERADELHRRLVRRGLDEVRAAGVLLSLHPAALLEDEVAGSGADVLDIHPDAEGIDALKLLAKVNVTSSGVIDAATTAGKAEVLERIAFHRDCAAGIARTASRGIDYPFYNPSSRHGFHCTAITRRGVPEQVV,210,,
Generated_Protein_423,MTKAVLGLFAVAIAFFSSSINADAVASEDANVSGVESGTVFDSELDSVGSEVGYNNSWNNLNYNNESLDSVFDESEKRVQKRLILLNLVKTVGGGGNNSLKSSLATNLEDNARAIKVVNARGQLARIRSLLKQKTEQLAEKAMNAEQYIDVLVKTNEQKIADAKIDYDLETANG,174,,
Generated_Protein_424,MAPNHRHALLRVLLLVAGLAVGAATALVMTSLSATHSPADAATRRLLGLRAGSSAAALAGSLGDGRLAARDGVTGHHHGDPRADADPGVGALGTVLDHDGLHPSSLLDLTVDHHDEHALHHSSGHRLTAFSRDLARVAVGVTGKPDGLVAAFCLARNYGSRFNAPMLLATVLHATRDGSSYEVTCYDCNRA,191,,
Generated_Protein_425,MASEPLTTLAALLRSLAGSLRPPRTSLPSVSGPATPLLRAGELSLPLSLPATPRGVRGALPATRLGAGEEALRAEELSFTLLGKAVVTFFLAFLLTNGAGGTRFNGVAAAGGFRGTRTISI,121,,
Generated_Protein_426,MNPTVVVLVFFAVTFALFAVFTAALALVFAVALSSSGVPPPPELALAAAALGPGAEKDELVLSLKELAVSKGAVKDGEEVAEALLEGLGLDGLDAVKGAKRVGEVVLGKLELGEAEDDEVVEADKRFSKMVADA,134,,
Generated_Protein_427,MAERRQPSLSSRSRSSPLFDFLEQRNDDIRNRQPLLSVERLSGNINLRLSIKALENPALVQVAAVADLLDEAAVSGSFLPPAAQADGGAVGAVNLAGSFGKLGSLAGKAGCAFCRIGVRFITVRDPQVS,129,,
Generated_Protein_428,MTIDIKKIAGVFLSGVLVALLLLLLGYVPSQARPVETQEPEAPRLGGLTVVGAGQLSVVDTRVRGILDAEALLLRVRDVMDDADIVVNDEMAAMQKVMGTMPVKAKIIAPKASQWDGWLDAEPQVSLIITAPESGKPLFDMGRDEALQNLKFIRGKVTQWRASYFGDVMPSPRLVFARDIQNKAENCQ,188,,
Generated_Protein_429,MAESLLKKTLATLLLVLLVLALSVGALLAVLGLQASQDEDAATKKLCINAYKDTVSYGECLVAKKLTATIKTLNASGAFCAKNHTLLIIGASCNNYKFCNIKKFCHYEEASDYWSGVIMLIPYLKALIVRGIVWDYLQH,139,,
Generated_Protein_430,MPTTASGTPQSISGIIDPAPGADPRRKGHPGKGKFFFIIFQPFSPTSPTTPIALGTSALLSNAILNTRRRHYLNTGILFDLFGAGFILSLYWTGLAITTGIAIFFYNKQPITTLLNPTEICLSNTTGLVHTFDQLSALIFFWALPPQIAATLISNTLAAFYFDNDTLSLGIYKDVIAIIILMHNDPAFS,189,,
Generated_Protein_431,MAGNTVKTIKSHPVKMAFIDADLVRADLPSAGPVRKRAAAASPGEVDGEAGPPADEKIRLVAGNFRIFGADPPVFDGKKFDVLFSDDEKYRIIFEGDITGPELYFDTGFSSLAQPCTLDLTLYP,124,,
Generated_Protein_432,MARLQIRIRERREIKTIIRTQALDVATPYPVRLEAADMLTEIVAGLAQLARLPGGLVEGNQREVTVVEDAVGKLVILGEQGKIETTVINQQADIDLFINDPEAAAVSRFYLLLNPADKLFQGEILDMSAELEQQKEVKAVLIATHRRGVIEMPGRLRVRYGVITTQG,167,,
Generated_Protein_433,MSEAERTTRLSSGEARLEAADDGRSVAEARRREVARALGLRSEVLVELDASLDDEAVAVRLTAGEADLRIDSAAALKIEGRISELYSGTVPSLEQLEAVARAAEDPALVERGSLLTVRFMKKAMEERGDFGIFFFNISGKYTCPCTMPYKDEIMIRFDSQCYRLNHRTPVCSATGSVAGYKRR,183,,
Generated_Protein_434,MTVFLLVAFVISLLVLAAVGLVLGGAPAALLTADLADPERRGSQGSPPVSGLSLKNVLSAVSGAKVTPVGTQLNPNGQLNQAAFGVIAFAAKNTGGAVDAVIYFNPGIVGTCGTTLASCAKAEKYKAIVDFCQKYLKNEFDYVLSQWGIVPLDMMDTSCGLGRFSANTITGIAQALPDHPLAKWFKMGDG,190,,
Generated_Protein_435,MLKILVLLVLVATGLGYSQPENISNQEISEKYYENLYCDKIQNINYCLKLKLGILCLGLFLATCLAAIFYYFVAVQLANILLGIGVGFIVLGYFIVPVGLISLGQVTAALSNKNHAAILCLLCDTRNSKRCSIGIPKN,138,,
Generated_Protein_436,MANSKQNLRDDSFVVVEAPDKKKKVDAEQKVKEKKVSNDAEQDAEVAKEEEDDDEVDVKIESEDDEVNPKDDADLDADLDAASSDLKEVAAEMDAEEEEAAAAFNDEVDLVEMDGGYVFDFAELDAPDSLVLQELDFVQEFDMGQVYLEDGNSVAEEAPEEFIAAAGDEFINLKL,175,,
Generated_Protein_437,MAGDTSESLITETTIDEEAERAITARALREHDVRLSELRPDDAEWALVALDSLLAVLDGAGDLDALVLLGDCAAELDAAGTVDTAFRGISFRNSLINASFFVFGNGGTWYLTLARGESFPAIATIAIAFVITARAV,136,,
Generated_Protein_438,MSDEFSSPISPDALSDFLLARVALLVAVAMAVVNAGALALPADAVLERGMEVIPDGILSELNLEIDGAAAAAVMRRRAEAIVDIDFAADVNAGIELEDVADGAALRRLNPEVLEWLVGDFEGDLA,125,,
Generated_Protein_439,MESTLLTRHSPEALPRLAAEALEQEEKLARRQLSEVVSLDEKARLPVLEDLLAGNENAEVEVLPSVAEKLQELIAAGISALQSGKASIQKKVISLNVSGYLLLAAAPKPYAPVIPSGVAIAGEYTRYAIPKATRIMNGKIIAATPEQRIAYAAAAVAHV,159,,
Generated_Protein_440,MNLLRDRFVFPGHYDYRGRASRSYDYGSLSPAVDVEWSMVEVDLLIVLTSSLLVFLGLTIIGNNLIWRAAQLPGFYWIAALLVASSGSSGFLLLYDNRNRRRVIVLLAKDAAIKTLGALLFYLTRALGNRAVLGAPQMTLSGEFAGWTPWAIALLAVLIFALMAAE,166,,
Generated_Protein_441,MTKTIRPLQQLSRWATFEQAQTRNIAADAQHQGTIMAVQNLAVEQTGEQQLMEETLGFDCGCGHTGLSDIITLTEQPIINEPVNLLTEEVKCFCRLDQNPVDVEGTLMLERFNETIQEPRFCMAH,125,,
Generated_Protein_442,MQLLQSDSILQTIERSGEIALGNLSIGQDSISTDQDSGQPDIDLAQTLINQDLVDRAGTTINIQINLDDLRDNWVATVKADLTIDCRSQIESIDLNNLTLKIGFDCINGAQKLDIINGFEIDCISGQIIDTMASGFTVSRWIDSKRRRIRDCMGGGAASSMARFR,165,,
Generated_Protein_443,MSKSKVRSSFFRKRRLSQSALSKQLKKRLALPRLAESLALEELAALARDSPVDSERERIRLALVAQLEAEDLQRLAGLEALDLDELAEKIARFLENPIALQEEARVEAAELKIPPIGSGATAFVATAPLDDLIARRALLLSGELLA,146,,
Generated_Protein_444,MSVSPRLLSRRPLLPPPADPLEVPALERVDLEVASSADDEAVALAALELRSASGAVLVPLVGATPAQQAPVPGAVGPPLGNCRAPVCCSCQAAVSINPGSRSVLLYFRRIPSGSSSVSLSVLTMDEGDVKMYRYQEPKTWNSSLQYTGIQGCRLVNMMDGLIQPVPHAIEGLECVLKWSIDGTAYLPHLLPHFYLPNFQAVGVTAAR,207,,
Generated_Protein_445,MSLENNLTENSEEEMISLKNDKINKTVLLNGAVAGNERNSLELNGNKSFRIIFRLSSGNINSTTTINLLNLNNEVTKINTDKINESLSLKSTKSVKMKIFFVLALSSKAVVAMTLTTMMGVMASSFYFVGTTRGFFCIYVGFCIFFLIIGS,151,,
Generated_Protein_446,MNALSRVAVIFSIVGTPFFFSFLIFGIASAMILPVLISAGPSAQSGTAETDADGKNIETLLEAEVERLAVVGRGRADEIDVAAGLLLLDAADARALELEELARLQRHALQALLNALGGARTDVTPEQVVMEIPPSVALDEISLHAGLLAAYTGYLSVPGMIDAVAVVTAMNARAHLQLGIRLNASLCRNPDPLQWMADSGMSPRH,205,,
Generated_Protein_447,MGLRSLAGRRLRLVAVLLAVVLLLFCAAAGLALESQPPPEPRAERRPADVPAPSLPEVAPPGPEEAAAPREDSAPSAPGPAAPGAGTVTAPVREAAGAAVVVGSAGAAPREERREQQGRGGRGRWRWFEARFG,133,,
Generated_Protein_448,MLSSVLLTFLASLTVVTLVLGLTFLNLSRNARNEVEKKRKKALAEAEVADLKKKVLNGARIRVEERLNAQKRAIEEERHLHEEIRIDKLKTENQKALNLSAYRVELKAVDLENKLEIQAVKEAKTGLNLEFQGYLHTDKVEIGLLGDWNVSTVPFTISGMTHSDY,165,,
Generated_Protein_449,MKTHLMIPNDWTFKMRMRATLVAQNMTHASIDAFGALIDTLTGLCLRYGVLRNPQIHTGASMMFFIGLDVSMCLHESTWTGLSMIVIAFRRGLMATAFLPFWGMCAWIGMSAWGMLKAISAITVPYDVVEMLARFYDLGSMVAVEQMVKHVLGLLTASAAYVYVLTATRFALPSLVHNQLGTNPDIKNMFLLIDPSLVPANPLLLVTPPATPADGHLRS,219,,
Generated_Protein_450,MALLKNLILSFGNLLSFLNPVPKPATPESGKAAPAPAAETLEEVEAVERIAKLLVEVAGIGALGILEEEGIELAEKAVALEVVFAKKVVVDLLELKPLLELKGEVTITVALGKGFGLLETVGFLAGVGTGGGLTNATLSAAMVTGFYVGKAIFNYTKTVTPYQIAVNLNLAVAMIKGKSNIALGFAGFAID,191,,
Generated_Protein_451,MTSVTLAGLKVLTLTFGEAGKLDVGENALVNADVTVVVGIAGVTTRQTTTGEAGFTTLLADKRPNVEKYLFSVADALAVAVVGTAVNKNRPLLANLLGQAVEVVLGALLGVPLLICYNKDLFTNQREIPSQEIPKVELDLLIIMARHSDIEGISISSFARRLPKDNIY,168,,
Generated_Protein_452,MSKIVLLATLLLVLSLAVAAFSSTPQSADEEQTISSNTLNKKLERTRIELLECADSVKERALNLSSINVDCSVKRRKAISFCQWRTAKEYRDCYRFSASLACASAAGIYYFCGNVNPDPQEIKVGIKTCTPAQGDYVDAIFWGKCATVLELGFCARALQAN,161,,
Generated_Protein_453,MKTVAITIFGAVLSATGAAILGAVESPEAVRLEQLRSSARAEAGLSPGGGRLLGIEIEDLLLHDVEVSRARALLGARDRRRVGAALGERIAEARAGEAASPEVLRAARGASALARGLKPAVAGLQAVIELTPDITLKQVALTLHGVQTLHQISSITPTGTIPPSAQLTTGMLFVGGVVFCIALGIFTDKGGDTGNVFLEDPALALKEHIRKPHSW,215,,
Generated_Protein_454,MNINFGKILVDDGREISERIISIASEELEGKAFAFSKNLGDDVTKYPEGLLKTITGILTGDSGINPVTGNEKIPLSEDEAILIRDGTILGTGSNMVGSAFRDFAVMAGKDLAFDMINHPNFIINRGRKMAGKFGAGIAE,139,,
Generated_Protein_455,MSKLTRDSSQTTPISNRITQTEADSDLNDIIINQATTTNMLNEVEQQIQQVDELNLTDEIKLKMAEINKINGAVVTTDARTPLDIKEVFRTNGDYYRRIDPLNFRSLKYNIEKAKAIAIFPEMQVAVRHRMKASGNICDFVEARGLACIP,150,,
Generated_Protein_456,MSGRLVVFGLFALLLVTLLVGFASSAVERESPESPPEAAAELEQLPEEQEQGVSRDEASEDEEVDEDAALEAVEEERVSRLRLRRRSAAGDGAEVAAEDVAEAVVKELRLRERSERFEGADVFSGAVAVDLGSLDGDSEL,140,,
Generated_Protein_457,MINLLKLYTLVGDVVTPMEPLGHDISLTFWDRDVLATATRGVILVRNQETVEEIGVIVRNNNVVLEITRAVTHARIADNRIDPGEVIRTVTTRPKEVLARDNKLFGNQFHYSKYILERPKATGMLDIKQFGAVEVLDNQRMA,142,,
Generated_Protein_458,MTVIFVIAVISLTLVASAVAAVSSPSAAPEQSVATAAPASEAPEEGTAGQGPGPGELIGRVGQAPRAGAGVRQLAGIGALAIGLSLGITVIYFCYGQVLLVAINDARTVKDMTAQKAEAFLEQDAENMRARTKQRFITDACASQCIVNAMSYA,153,,
Generated_Protein_459,MIMTRLTILITRHGGLIAGLLGGMDTADPQPVEEQLTQLLTALLQDRADVAQQLRDEILLGLDEKAAGVADLEQAERLQVRIIDEIHRLEDLQWRLAAARVRDERTLGMEAEQKVARILRAKL,123,,
Generated_Protein_460,MNLLSLKFSKMVIGAMMVMLSIAASLLTTLAVVAVGLNAAVSPLLLGSSPVAPLALLTPAPPTSEEAPPPATPTVAPETAAGPEVPAPAEGVPGAEKPGSGLVEEKELAGVMLLGNAELLGIALGLLLNKILNTTKKLALTA,142,,
Generated_Protein_461,MTKSHLICINDSVQVFFFFGNNPFISANGVFYVQLIEELGIFVFTNRLLLLIGNVGTVRNTARCPEVRLLLVPAEDNTIFVLAPGVDNLRQPLFYRQLEVEVEPGVFHEIAVVGVGPRAPDGAFQGAFRISLRLTQPYRELPRALELCHCADHREIVLLLGVNRANATIPAVEDVVQDGTVFWAGAAACSPAPRLYVSIPAVRQDLSNRIPVRL,214,,
Generated_Protein_462,MALPLRDLRQQWRDWITRYPEGVCPFNAEQIYTELSIQVHQVHRQLSDLLLPNYPKYTVSDLLMRYVSPNLSTRIFKYCPEDAMGGARYRLAAEIINAGCMVETQPNPEVMLRRLNRRRRRDMEIFPEVPLKGLCMSGLAPTYINPLDLSPAAIKESYVSSI,162,,
Generated_Protein_463,MTAEEELASESESEVKVKRREHAIAEDEALRIRRLALDNVDLPGLVASVSVGNELAEGEVDDVSFEEGELVGEFAEISFLTLEEALHLPERLKAALHGISGIVGSWSAGVSLVIAGKIPPLTPDASVGVILASSAWKAVTKSGSAMLQAAVIDRLAAVMKRAGYRAVTVLHFAIALQGNALGGKTPNVIMTAFAAHYWDREEGIYGVNHRLPFHGRAAIL,220,,
Generated_Protein_464,MAGIKSDVIKWFITRSIEQLVSTPSVSVSISATDVKNQEQLVGALTIALTNPDTVYRLFRYLGVFNKDEVTIEKTITPDINISLNQLIGIVPGLFTTATILAIRDVGLVFYLARYLETMNHRPNSDVALSGWVVHVGGFYSWKQMAITKQGMNLPVTDFFITEIYLPDVLKK,172,,
Generated_Protein_465,MALRLKEFERDRALSKAFAEKREGAAVDSAYEGDGGVDEVSVLSSEEGLLLKALAGDGEKAELVAARLKLVFLSNGELRVAGKGGGEGLIAVFGAGGKSALNLTTTKILKPSSLLLKKAELEAFSISVLNEAKINYRVEQRILDIPLSRIIPYDEKVLQGYPLILSQLLKDFLDYNDYTQSVLSRFRAFRRGMIIDSGDGLEVFP,205,,
Generated_Protein_466,MSLSSLSRTLLVFTVIVLLALITLSLPVLLLPDGASLDPAVPAAENTTGNGNAVRDVKINVEEGLGPAGLGKTALAIDRGVRVEILTGNHLRLPERGLPRGKLRGQAVASGLVLTWQVPGKARRGVSLRRIPRICRAPAVTALDIGKRHCCPDVAEAPEGAPCPVPGQVDHSSACSAPFGNQCNIW,186,,
Generated_Protein_467,MSTIARPVCDEASELYPVRRNAKLLLNHRKILDANNLNSIVASDIKDAWVCLGADDTIVSIPNFKRDIFTIPGDTMQVSTPLYQGQYVIDTLEEIKAAVCMAAAEGAVLSFAENVAENARIISGALPGALGFARVNPKVTPEELSEEGTVR,151,,
Generated_Protein_468,MSSTSENFQTLTLLQLERRQQAIIETSVDSIKGIGNLLTDEQLVKYVINTNDSFVDLGGEINLTIIGTTGENYCSVDFEGYNLFFRGEGRGRFGFSDDMSVITLSKILAIFQKTSAMSHGLLSYLAMDFLPSAGALVSRGIPYHQVLGGLAITS,154,,
Generated_Protein_469,MTLATIKPRYVILSAVIVFATPSADELAAQEGDRLAVDALEAELILEELQEELRINAGILGAEKRLLEAADAVAGLARFYRLSSVVPRADVTAYEGKVFELERLLGERVVQQYDPDGYPEFILSFAVEQKITKAVNMDGE,140,,
Generated_Protein_470,MKKLYAIIFGVIAASGLASRKEISLEHVDIIEEKLISDAKLVYLKNYVDVILSSKLKNYLFEEYLEALLEDLQLKENAYLALYYKKLYKYVKDYADITHISLYNAKTPMLVIFINDSYAVMNAARTILPTVMLMTLVRGRIIPQVIAGLLSEVKGFSHSNHISYTATDVRQITFINYGELLSFTKNM,187,,
Generated_Protein_471,MPSNSSGLLPSALLPPPINRLPPIAVDATSIPTPIAVWMVTLPVTVIIGITNFLAIGLICISVQLLATATRELVGLIGLFSFINATGAILFWIAFYRQGVPPGIIATVCSGLVLASASVTIALAAVIYLIHLNPDVGDKTVPFSAIPPFSVATQIGGGWAFFLYAVLIFLYAVCLIIFFASLHKTARRGAIFLPFALSTNPGMVLFAGW,209,,
Generated_Protein_472,MSNTHHTFASLGQATSHLSLQDSFDGMATANFFDRLVTLAADRDGAMGSLADTGFDGILDVEKRFDVFGNGFAFGNETAAVPGSMKLRSLRDEVFDVFGTTGTTLDQVMVPPGQSKLNMDMLNGSVPGNMKRV,133,,
Generated_Protein_473,MAGKEILTGVKAAVASAGGLAALALASRPGQLGKQPLALPAPGVEEEALLPSGAEQEVVAGSIQEVAAAVVAASASPMAPVLVSLMAVGSVVGVIFCSMLINILVLGIMVVLLGMDKKRDAVQGAQKQYRPVEQEVMLNREQGAALVQAVQAIDYTKVVEQGKMIVNS,168,,
Generated_Protein_474,MSKLKMHGIVDFKMHGASFDQDQNLVAAAVTQKRIIAEMVNQHGRRIPFDPEKRADVYSGYGSRCGYDMRILAQPVSPVINFRAQVTLAEQLVRKNAAIITPGAADEILDETICVSTVAVPMQV,124,,
Generated_Protein_475,MSIKIILNSLVKFIIFPALFIAFVALFVPTETPTEKRDPSIETVRGETVEIEIIEVKGKIIIDGINLIGQILRLPWVNLEIDNNYIKPAKYEKPGAPYVGKRGRIIIIENWKYIKEGKPLWEGRGYILGREEEIEIPGIDGDMNSLAILVLAVIFVDNPIGGRIYGRGSPEVIEMEEKYS,180,,
Generated_Protein_476,MAGLQFRDWQERNIVAVQRNLGAERSVQRQTLSRIPVMRHGAYAEFKRMADVLAGNGRVLCAEDVLARLSLAEDGEVLCAWLPDGEDPLRGSGQFIIVMAAVGSKRLGALMDKVLYFIENPEDTLIVAHQKRDLYQTGWELASALKQI,148,,
Generated_Protein_477,MAKIYPGVIKIVIVLLAAAAVASIFIVIGLASQAPEAPEAIAELERKSLRAVIKLAVAKIGGDVALGAGKLSGIDGVGCAGYGKTAADKLLIALKPDDDVLLVGASIGVGFAASGLVGAFNIALVGQASINRAVLLEDDKLIPEI,145,,
Generated_Protein_478,MTLQITFTGLIGTGKSFLVGLVDGRLSASVPKVLLLDSGTVVAVFNLADKYTRGIELDVSSKRTLVVAAGVFGIGTPVSVVLLNNHGDRRYADKRPEIFTIAGIIGLSILAAIPYVFSLVNRYCDKSEAAIVALPIVLIATYNLPLSIIFFFTLLLYMIASKRRAGGIGAEVAALPVM,178,,
Generated_Protein_479,MADEFKKMRNAVQLWLVEEEEKKIAPTEDRKTGDMFIVTEDRLLSLINDMAQFEDKFGDIEDKTELVGNGAVMQVIDTKFGDIPDTVEEKINQDYFRSEGNGYLRVEISETLQGVVHVMQMLSKKQLRENPALADEKAPQALKPTVTFIGGEAVA,155,,
Generated_Protein_480,MSAATVVLVVLIILVATGTGPFFTLLALERGDAEIERIRQAELAVRRLGVLAVARQEALAVLGDGVEPAAAAAEGEGTVEARWIIELGALAAVAGVKGVQGINFTLAVEAAQRKGIVGLSQPVTPTEEKVAIEKLQIAEKGAGAVQAGLAVDLIGFEAR,159,,
Generated_Protein_481,MSTKELAAVAVQGSFKSLGSTIVQNDSTDSADLLSSLVVAALAAAARDTVVLVKDALTADAELDADGELTAALRRAVVYDGGAVEKLDSVEGRLRFEVPRAGKLTVYDSYRGYETMEFKWDVFKGDRFKVPATGPCAAAQIATVAVGIG,149,,
Generated_Protein_482,MNIFKGLGDPSLTIEAAASAGALGIVKGFDGTRGLTRAVFHQKHQPEAKHLSAGVTVGLLSDDLLILYTAYSNKDVFIMNPAEAIIIPHTYKRSFCHGVDGTVILEATAK,110,,
Generated_Protein_483,MILTKDSRRRLFIVVPREDGAGQTIAQRYGVRQSRIATGRYRFGLGSTTLLEDPVERYRDIGDAAAVFAADPTLFCEAGNFFCAQVPVATVSMDRQGTGSIGVNVVTITVSPGHQMLELRAAQ,123,,
Generated_Protein_484,MSNDDDDNSEENSDTSSSSSSASEDASADTSSSEDSAESTENSNESSENTETADDDDLQSDISESDDADSDDEDEIELALDLSAATDSEINSEASVQSDAALASAADNDDAEANLDSLTDTDEAAEALATLRDSHHNEQSADADAEMEQVVIEEDAAENRRRTVLAAAVEQAILKRQLNGNPGSAIVISSNRRNIKAVMDMKRN,204,,
Generated_Protein_485,MNKVLAVSVLVGASTTGLSGLTGYDPEGTHTHLSHFLSPSLSAHISEVSAPVIVAAIAGTTVFTGLISIIIVFFNRKDKEALKPSLEAKLLITQLHTANGLKHFGEQKLYFPDMSVYQIAIITGGDLVPLASVKKGISVALGIL,144,,
Generated_Protein_486,MSKVVVGLSGLLFLLATSAQQSSGEAAGQGLAVEDPQALQPDVIEQVILVQDNVLDELKPDDVLVKVLSEGNGAQQVALKRRGLIHIVAQGIVARNLEVLQKEVVALGDALEDEAVKVTHGALSAIPPDTYPWYRFTSGEDVNHHHAAIIPKHPLSPAYTYDFQLLGRGWD,171,,
Generated_Protein_487,MTKKNDRFFVTKGSLYPISEDWTKNFGVPENILWTRKCDMTNDLVCDHMISFKGSKLKINKGADFVPKLTKLNNLILMAVSDYINNHIFDKFPMGSMSKDVEEERKYLKFRPSILVEIPVKNLFTFIKFISGGVYDLSWTTLMGKSVGGVMQMGLMSLYDHV,162,,
Generated_Protein_488,MTAMTLRKPRGIALLMRKTHAIVNSAEWNDSVNMLMGAAGALASFLCLQIMPSAASLFYMDTMATMPRPQFAGWLVRMPEDVTMRSVVRDVNGKVGGASFCLVMLTGSLMILMGGMVYMKRASFVGVLDVMKRQFWFMEGVTVPYCVGIGAAVSV,155,,
Generated_Protein_489,MSNTLRKIAFMRPVIIGEDRWLIRQRQATGRMETGRLIILPACAGASNQILLALENLPSDILFYIKRRTGGATIVNINLIKDDMFTRTHIGASMDLMGATVGILIPIDELLINAQLLIDETLKALPSL,128,,
Generated_Protein_490,MADRGESGGPASPRSSSASSSKSPKRQGRSSRSAAGRQPQQAAGSAARGRRAAGSSSVRSGSGRSLALVPVAARRRRSVALPQLVRPSAPPQQPSGARAGSAALAGVLAAAAGASRRRKKLEVEDIKVLIRRNLDRVIEVVDLVRLNGLCEEVVDFNIALNQFTGLADLIDEQARVMGFDELVIERVDEAEDDLLERIIAQIDAEKYVMARTVTAVGA,218,,
Generated_Protein_491,MSETTQLGSIAATTGAVSSIASSPRSPRGLLGGVPTAVGGTVQGPGYILLTQQGEIRLQAPQTGQQLQPQQPTQPLSLTPLLLQEIAQQQEEIGTTDTMKVSGVGLLTDALSSVEADVLTLTATVKIRNPSVILLLLSAGLGLLIGNHPVLMIMM,155,,
Generated_Protein_492,MSRDLFPLMALMPARPVMQMPLMRAKRKNRLLLGLAGLCVATGGMALLAQQVAARQQPRHIGAPDLRPRLPQALLARLQRAAVGPAPLRVGVAALPDVRPDAAAAPLRALLGRLRHHLVAQLVGAPQPALLLPPLPATGNLRTVGATLALPQQAPVVPNLLRPA,164,,
Generated_Protein_493,MNIKLIRPLGEIYIKQLGSVTKQAKITLAKINATDLLDLCLRRRILGDATLRVHANHAADSLVIVHPGAIGNLSLRLVDQMISNASVGAIAKPLCVTCVHLQKNVAKEGIGLVGSLEPFNSITPIYQQIVSGASIICCGMGNIADRCLIFAQIVHPEVKIMLRHLKAEGYNKTLFRSIIDQLKKAKALMNLSI,193,,
Generated_Protein_494,MSIEKIVTSLGLKERVITNSGRIAALLKTARDATILKDVLLDEITSERATIVERTGETVLLDLDENLTILDNKIAILRDSGKNGLALLNARIINTGGAAARADLGVVIGADFSVDSEGVPIIDKKRTIGATGIVATRGMPLIIIDFAPYDEEARVNIASIGGKIGATRSAEIIAVIIPENMIVLA,185,,
Generated_Protein_495,MISKIRVFLVLGTPLLLLALALLVLGVAATASAGAATTAAANPDNPIEGEVKAAIRTAGTVGAVGRINRHTVGTFCIRHSNAIEGTGMLLLYRNPFNPFTAVKVGFRTRHAGMLACASVNIVNTLFYALGGLPMLAAQRHPVTVSGDKAAFVWRETLLLDLPKATIVSSFC,171,,
Gen_20260521_125913,FDNWAASGISCANAINQCEGHKHFPHYVQFNYWCYHVGE,39,Enzyme,2026-05-21T12:59:13.764483
Gen_20260521_125929,MSSIEILDTYNIPLKNIKGLPKILIFINGGEGEVLSLSGKSLIDLELVKDILRLEIFERIAGGLSNGDLLLRIDSDLVDISKSNKPPLFVYGLVGGFLSAAGVLYVMAFALLGYLATYFAAGVYMLSFLLAIIGFALIYFKRKRSLPQQP,150,Membrane,2026-05-21T12:59:29.571992
Gen_20260521_130035,VCELWVVMEACKFPWLALFDKYVAWICYASYHPMHRLQ,38,Binding,2026-05-21T13:00:35.316547
Gen_20260521_130232,VEGVRELCVARYCDEKHQKINNEFHANDVNHYMNIALVGFITGEMMVEYEQDTIAFKIKEIQLFHDTWDIVHEKKPMSPVGVFT,84,Enzyme,2026-05-21T13:02:32.545280
Gen_20260521_130711,LGSFYEHSHFEAGMSTIYEFLNQICYVVISDGGILNALLLCRDNIEVCHPRCRISDTCLIRDDP,64,Enzyme,2026-05-21T13:07:11.774755
Gen_20260521_160223,VTNFDRKEILEKKKFSAFGRVHCDSEINMFLGPYTQNYIGENYDTMYYRSTIDQIGHMFITLKRRENDKDCGNY,74,Membrane,2026-05-21T16:02:23.376160
Gen_20260521_162944,ELVMLQMILWLESADSIYLCPMWGAVPAGLPVWLNTRGLQSGCPLV,46,Binding,2026-05-21T16:29:44.855457
Gen_20260521_163415,MSTLQVDRALELARSLRDRSRSLSVPSPDRPLLTRKPPETRSRLEDARLESESVSASSGKKRLKERKKVSEAARALEVLEQAEIKSLSSAKAVLLDNQAVERALDSIEALLLLEKENLNLQAEQRRDVQRLVEVQGDLNKLSVLSDLSEQ,150,Enzyme,2026-05-21T16:34:15.451554
